Team,Week,Game,Referee,Leaderboard Points,Win_Loss,Possession_pct,Territory_pct,Attacking_Minutes,Ball_In_Play_Time,Gainline_Over_pct,Gainline_On_pct,Gainline_Lost_pct,Hitup_Efficiency_pct,Tries_Scored,Points_Scored,Ball_Carries,Ball_Carry_Meters,Line_Breaks,Line_Breaks_1st_Phase,Tackle_Breaks,Offloads,Opp_Gainline_Over_pct,Opp_Gainline_On_pct,Opp_Gainline_Lost_pct,Made_Tackle_pct,Tackles_Made,Tackles_Missed,Tackles_Attempted,Assist_Tackles,Dominant_Tackles,Line_Breaks_Conceded,Tackle_Breaks_Conceded,Offloads_Conceded,Carry_Meters_Conceded,Breakdown_Retention_pct,Breakdown_Steals,Ruck_Speed_0-3pct,Ruck_Speed_3-6pct,Ruck_Speed_6+pct,Kicks_In_Play,Carrying_22m_Exit_pct,Kicking_22m_Exit_pct,22m_Exit_Failed_pct,Kicking_Meters,Goal_Kicking_pct,Own_Scrum_Won_pct,Own_Scrum_Completion_pct,Total_Scrums,Own_Lineout_Won_pct,Lineout_Steals,Opp_Lineout_Clean_pct,Total_LO,Full_LO,Full_LO_Won,Full_LO_Lost,Full_LO_clean_pct,Full_LO_scrappy_pct,Full_LO_Lost_pct,6_Man_LO,6_Man_LO_Won,6_Man_LO_Lost,6_Man_LO_Clean_pct,6_Man_LO_Scrappy_pct,6_Man_LO_Lost_pct,5_Man_LO,5_Man_LO_Won,5_Man_LO_Lost,5_Man_LO_Clean_pct,5_Man_LO_Scrappy_pct,5_Man_LO_Lost_pct,4_Man_LO,4_Man_LO_Won,4_Man_LO_Lost,4_Man_LO_Clean_pct,4_Man_LO_Scrappy_pct,4_Man_LO_Lost_pct,3_Man_LO,3_Man_LO_Won,3_Man_LO_Lost,3_Man_LO_Clean_pct,3_Man_LO_Scrappy_pct,3_Man_LO_Lost_pct,2_Man_LO,2_an_LO_Won,2_Man_LO_Lost,2_Man_LO_Clean_pct,2_Man_LO_Scrappy_pct,2_Man_LO_Lost_pct,Quick_LO,Quick_LO_Won,Quick_LO_Lost,Quick_LO_Clean_pct,Quick_LO_Scrappy_pct,Quick_LO_Lost_pct,Own_Start_Half_Retention_pct,Own_Start_22_Retention_pct,Restarts,Long_Restarts,Short_Restart,Penalties,Tackle_Penalty,Ruck_Penalty,Scrum_Penalty,Lineout_Penalty,Offside_Penalty,Maul_Penalty,Foul_Play_Penalty,Other_Penalty,Free_Kicks,Scrum_Free_Kick,Lineout_Free_Kick
Austin Elite Rugby,1,1,Derek Summers,0,0,0.49,0.54,16.6,0:25:46,0.424,0.364,0.212,0.786,2,20,81,302,1,1,3,5,0.538,0.173,0.288,0.881,111,15,126,20,11,2,4,5,415,0.99,0,0.5,0.47,0.03,13,0.33,0.67,0,378,5-Apr,0.78,0.5,19,0.8,1,0.5,10,7,5,2,0.5,0,0.2,1,1,0,0.1,0,0,0,0,0,0,0,0,2,2,0,0.1,0.1,0,0,0,0,0,0,0,0,0,0,0,0,0,0,0,0,0,0,0,0.13,N/A,8,3,5,11,5,0,3,0,2,0,1,0,1,0,1
Houston SaberCats,1,1,Derek Summers,4,1,0.51,0.46,17.6,0:25:46,0.538,0.173,0.288,0.855,0,21,74,415,2,0,4,5,0.424,0.364,0.212,0.929,118,9,127,12,19,1,3,5,302,1,1,0.53,0.36,0.11,17,0.44,0.44,0.11,537,7-Jul,0.91,0.73,19,0.7,0,0.7,10,3,3,0,0.2,0.1,0,0,0,0,0,0,0,7,4,3,0.3,0.1,0.3,0,0,0,0,0,0,0,0,0,0,0,0,0,0,0,0,0,0,0,0,0,0,0,0,0.25,0,5,1,3,9,4,0,3,0,2,0,0,0,1,1,0
NOLA Gold,1,2,Scott Green,5,1,0.4588,0.4126,18.2,0:35:49,0.586,0.186,0.229,0.934,6,36,125,828,7,0,12,9,0.517,0.247,0.236,0.91,193,19,212,45,17,7,5,9,766,0.98,1,0.68,0.29,0.04,18,0.31,0.56,0.13,570,6-Mar,1,0.5,11,1,3,0.67,9,3,3,0,0.33,0,0,1,1,0,0.11,0,0,5,5,0,0.56,0,0,0,0,0,0,0,0,0,0,0,0,0,0,0,0,0,0,0,0,0,0,0,0,0,0,0.17,N/A,6,4,2,10,3,0,2,0,0,0,5,0,0,0,0
Toronto Arrows,1,2,Scott Green,,0,0.5412,0.5874,21.5,0:35:49,0.517,0.247,0.236,0.901,5,29,125,766,7,0,5,9,0.586,0.186,0.229,0.859,164,27,191,33,5,7,12,9,828,0.99,2,0.56,0.33,0.12,15,0.67,0.27,0.07,417,4-Feb,1,0.71,11,0.67,0,1,15,3,2,1,0.13,0,0.07,4,3,1,0.2,0,0.07,6,3,3,0.2,0,0.2,2,2,0,0.13,0,0,0,0,0,0,0,0,0,0,0,0,0,0,0,0,0,0,0,0,0.14,N/A,7,3,4,8,1,1,1,0,2,2,1,0,1,1,0
San Diego Legion,1,3,Paul-Henri Courbier,,0,0.4373,0.489,16.3,0:33:56,0.523,0.154,0.323,0.919,2,23,80,474,2,1,5,5,0.589,0.222,0.189,0.897,191,22,213,34,11,1,6,12,798,0.99,0,0.4,0.45,0.15,14,0.5,0.5,0,318,5-May,0.86,0.67,9,0.89,0,0.92,19,2,2,0,0.11,0,0,5,5,0,0.26,0,0,8,7,1,0.37,0,0.05,2,1,1,0.05,0,0.05,2,2,0,0.11,0,0,0,0,0,0,0,0,0,0,0,0,0,0,0.17,N/A,6,5,1,9,3,1,0,0,2,0,2,0,1,1,0
Rugby United New York,1,3,Paul-Henri Courbier,,1,0.5627,0.511,21,0:33:56,0.589,0.222,0.189,0.914,3,25,133,798,1,1,6,12,0.523,0.154,0.323,0.855,124,21,145,31,8,2,5,5,474,0.95,1,0.54,0.36,0.1,14,0.75,0.17,0.08,333,4-Mar,1,1,9,1,1,0.89,13,8,8,0,0.62,0,0,1,1,0,0.08,0,0,4,4,0,0.23,0.08,0,0,0,0,0,0,0,0,0,0,0,0,0,0,0,0,0,0,0,0,0,0,0,0,0,0.17,N/A,6,0,6,19,4,3,2,0,5,2,2,0,1,0,1
Seattle Seawolves,1,4,Pali De Luca,,1,0.4216,0.3691,17.3,0:39:19,0.699,0.11,0.192,0.888,2,20,123,842,3,0,4,16,0.593,0.154,0.253,0.835,192,38,230,53,4,4,15,7,1007,0.98,2,0.51,0.36,0.13,25,0.43,0.43,0.14,791,5-Apr,1,1,14,0.63,1,0.73,8,2,1,1,0.13,0,0.13,2,1,1,0,0.13,0.13,3,2,1,0.25,0,0.13,1,1,0,0.13,0,0,0,0,0,0,0,0,0,0,0,0,0,0,0,0,0,0,0,0,0,N/A,4,3,1,12,6,1,0,0,1,1,2,0,0,0,0
Rugby United New York,1,4,Pali De Luca,,0,0.5784,0.6309,23.7,0:39:19,0.593,0.154,0.253,0.925,2,18,125,1007,4,1,15,7,0.699,0.11,0.192,0.89,186,23,209,41,17,3,4,16,842,0.97,2,0.54,0.38,0.08,20,0.52,0.48,0,689,5-Mar,0.86,0.86,14,0.8,3,0.5,15,9,6,3,0.33,0.07,0.2,2,2,0,0.13,0,0,4,4,0,0.27,0,0,0,0,0,0,0,0,0,0,0,0,0,0,0,0,0,0,0,0,0,0,0,0,0,0,0,0,6,4,2,5,2,0,1,0,2,0,0,0,0,0,0
Austin Elite Rugby,2,5,Pablo Deluca,,0,0.4426,0.5637,14.8,0:30:36,0.675,0.15,0.175,0.933,0,9,75,584,2,2,4,12,0.474,0.192,0.333,0.94,173,11,184,38,13,1,1,6,586,0.97,3,0.48,0.33,0.2,21,0.54,0.38,0.08,578,6-Mar,0.57,0.57,13,0.56,0,0.73,9,2,0,2,0,0,0.22,4,3,1,0.11,0.22,0.11,2,2,0,0.22,0,0,1,0,1,0,0,0.11,0,0,0,0,0,0,0,0,0,0,0,0,0,0,0,0,0,0,0.25,0,5,3,2,9,3,0,2,0,1,0,2,0,1,1,0
Utah Warriors,2,5,Pablo Deluca,,1,0.5574,0.4363,18.6,0:30:36,0.474,0.192,0.333,0.904,2,17,103,586,1,1,1,6,0.675,0.15,0.175,0.93,106,8,114,17,2,2,4,12,584,0.94,2,0.54,0.34,0.12,20,0.21,0.53,0.26,811,3-Mar,1,1,13,0.82,0,0.33,11,1,0,1,0,0,0.09,3,3,0,0.27,0,0,5,4,1,0.27,0.09,0.09,0,0,0,0,0,0,0,0,0,0,0,0,0,0,0,0,0,0,2,2,0,0.18,0,0,0,0,5,5,0,12,7,3,0,0,1,0,1,0,0,0,0
NOLA Gold,2,6,Luke Rogan,,1,0.4526,0.4395,17.1,0:28:06,0.594,0.188,0.219,0.979,5,40,47,522,3,3,6,3,0.6,0.15,0.25,0.882,179,24,203,35,11,14,7,13,945,0.98,2,0.63,0.33,0.03,20,0.53,0.33,0.13,686,8-Jun,0.82,0.73,16,0.9,0,0.79,10,1,0,1,0,0,0.1,3,3,0,0.3,0,0,3,3,0,0.2,0.1,0,3,3,0,0.2,0.1,0,0,0,0,0,0,0,0,0,0,0,0,0,0,0,0,0,0,0,0,N/A,6,4,2,10,4,0,2,0,0,1,2,0,0,0,0
Glendale Raptors,2,6,Luke Rogan,,0,0.5474,0.5605,20.7,0:28:06,0.6,0.15,0.25,0.926,5,31,120,945,14,14,7,13,0.594,0.188,0.219,0.802,65,16,81,14,0,3,6,3,522,0.96,1,0.66,0.25,0.08,11,0.63,0.38,0,359,5-Mar,1,1,16,0.86,0,0.7,14,4,3,1,0.21,0,0.07,3,3,0,0.14,0.07,0,7,6,1,0.43,0,0.07,0,0,0,0,0,0,0,0,0,0,0,0,0,0,0,0,0,0,0,0,0,0,0,0,0,1,9,5,3,9,4,2,1,0,0,1,1,0,1,0,1
San Diego Legion,2,7,Scott Green,,1,0.6372,0.6058,24,0:33:29,0.476,0.207,0.317,0.788,2,15,106,589,3,3,4,7,0.5,0.179,0.321,0.883,91,12,103,33,7,1,4,3,333,0.97,2,0.44,0.35,0.21,28,0.29,0.57,0.14,822,3-Feb,0.83,0.5,22,0.87,1,0.88,15,0,0,0,0,0,0,13,11,2,0.6,0.13,0.13,0,0,0,0,0,0,0,0,0,0,0,0,0,0,0,0,0,0,0,0,0,0,0,0,2,2,0,0.13,0,0,0,N/A,4,1,3,9,1,1,2,0,3,1,1,0,1,1,0
Seattle Seawolves,2,7,Scott Green,,0,0.3628,0.3942,13.7,0:33:29,0.5,0.179,0.321,0.875,1,13,55,333,1,1,4,3,0.476,0.207,0.317,0.887,180,23,203,46,27,3,4,7,589,0.96,2,0.68,0.16,0.16,29,0.41,0.59,0,831,3-Mar,1,0.9,22,0.88,0,0.73,8,2,1,1,0.13,0,0.13,2,2,0,0.25,0,0,2,2,0,0.25,0,0,2,2,0,0.25,0,0,0,0,0,0,0,0,0,0,0,0,0,0,0,0,0,0,0,0,0,0,5,2,3,15,7,0,3,0,1,2,1,0,2,1,1
San Diego Legion,3,9,Pali De Luca,,1,0.426,0.5233,17.5,0:33:28,0.481,0.148,0.37,0.833,2,17,89,609,5,1,8,8,0.439,0.146,0.415,0.876,162,23,185,35,39,3,9,5,529,0.93,2,0.6,0.27,0.13,17,0.22,0.44,0.33,479,3-Mar,0.71,0.67,12,0.54,2,0.81,13,0,0,0,0,0,0,8,4,4,0.23,0.08,0.31,4,3,1,0.23,0,0.08,0,0,0,0,0,0,1,0,1,0,0,0.08,0,0,0,0,0,0,0,0,0,0,0,0,0.25,N/A,4,1,3,8,2,0,2,0,3,0,1,0,1,1,0
Houston SaberCats,3,9,Pali De Luca,,0,0.574,0.4767,23.6,0:33:28,0.439,0.146,0.415,0.757,1,13,100,529,3,0,9,5,0.481,0.148,0.37,0.872,136,20,156,34,18,5,8,8,609,0.95,2,0.36,0.46,0.19,31,0.39,0.56,0.06,714,3-Mar,1,0.67,12,0.88,2,0.46,16,12,11,1,0.63,0.06,0.06,1,1,0,0.06,0,0,2,1,1,0.06,0,0.06,1,1,0,0.06,0,0,0,0,0,0,0,0,0,0,0,0,0,0,0,0,0,0,0,0,0.25,0,5,3,1,9,4,1,1,0,1,1,1,0,0,0,0
NOLA Gold,3,10,Derek Summers,,1,0.4926,0.5595,17.9,0:31:02,0.462,0.319,0.22,0.934,5,39,112,681,4,0,10,2,0.607,0.098,0.295,0.867,156,24,180,49,17,4,8,16,704,0.98,0,0.56,0.39,0.05,20,0.36,0.57,0.07,661,6-Jun,1,1,13,0.89,1,0.78,9,3,2,1,0.22,0,0.11,2,2,0,0.22,0,0,2,2,0,0.22,0,0,1,1,0,0.11,0,0,0,0,0,0,0,0,0,0,0,0,0,0,1,1,0,0.11,0,0,0,0,7,4,3,10,4,1,0,0,1,0,4,0,1,0,1
Seattle Seawolves,3,10,Derek Summers,,0,0.5074,0.4405,18.4,0:31:02,0.607,0.098,0.295,0.887,4,31,102,704,4,1,8,16,0.462,0.319,0.22,0.844,179,33,212,33,7,4,10,2,681,0.99,2,0.7,0.27,0.03,15,0.68,0.27,0.05,430,6-May,0.83,0.83,13,0.83,1,0.89,18,7,5,2,0.28,0,0.11,3,3,0,0.11,0.06,0,5,5,0,0.28,0,0,3,2,1,0.11,0,0.06,0,0,0,0,0,0,0,0,0,0,0,0,0,0,0,0,0,0,0,N/A,7,6,1,9,2,1,1,0,1,2,2,0,0,0,0
NOLA Gold,4,11,Paul-Henri Courbier,,0,0.4551,0.4415,15.1,0:31:13,0.5,0.25,0.25,0.94,4,24,79,437,2,1,3,6,0.46,0.23,0.31,0.905,152,16,168,23,19,4,4,4,618,0.97,1,0.59,0.36,0.05,15,0.43,0.5,0.07,531,5-Feb,0.86,0.29,10,0.88,0,0.73,16,2,1,1,0.06,0,0.06,5,5,0,0.31,0,0,6,5,1,0.25,0.06,0.06,2,2,0,0.06,0.06,0,0,0,0,0,0,0,0,0,0,0,0,0,1,1,0,0.06,0,0,0,N/A,6,3,3,17,6,2,1,0,2,2,4,0,0,0,0
Rugby United New York,4,11,Paul-Henri Courbier,,1,0.5449,0.5585,18.1,0:31:13,0.46,0.23,0.31,0.867,3,27,102,618,4,1,4,4,0.5,0.25,0.25,0.92,127,11,138,24,6,2,3,6,437,0.97,2,0.66,0.28,0.06,18,0.36,0.57,0.07,431,5-May,1,1,10,0.87,1,0.75,15,9,8,1,0.47,0.07,0.07,0,0,0,0,0,0,5,4,1,0.2,0.07,0.07,1,1,0,0.07,0,0,0,0,0,0,0,0,0,0,0,0,0,0,0,0,0,0,0,0,0,N/A,5,2,3,10,3,1,3,0,0,3,0,0,1,1,0
Austin Elite Rugby,4,12,Scott Green,,0,0.498,0.4328,17.9,0:31:26,0.41,0.197,0.393,0.929,2,13,84,511,3,2,5,6,0.537,0.179,0.284,0.866,136,21,157,23,7,9,3,12,783,0.95,1,0.56,0.35,0.1,16,0.56,0.39,0.06,454,3-Jan,0.92,0.33,18,0.87,0,0.83,15,6,4,2,0.2,0.07,0.13,1,1,0,0.07,0,0,7,7,0,0.47,0,0,0,0,0,0,0,0,0,0,0,0,0,0,0,0,0,0,0,0,1,1,0,0.07,0,0,0.4,0,6,2,4,11,3,0,2,0,1,1,3,0,1,1,0
Glendale Raptors,4,12,Scott Green,,1,0.502,0.5672,18,0:31:26,0.537,0.179,0.284,0.919,4,24,103,783,9,4,3,12,0.41,0.197,0.393,0.909,149,15,164,41,8,3,5,6,511,0.99,2,0.65,0.25,0.09,15,0.46,0.54,0,508,5-Feb,1,0.67,18,0.83,0,0.8,12,4,3,1,0.25,0,0.08,3,3,0,0.25,0,0,5,4,1,0.33,0,0.08,0,0,0,0,0,0,0,0,0,0,0,0,0,0,0,0,0,0,0,0,0,0,0,0,0,N/A,4,4,0,17,5,2,7,0,0,2,1,0,0,0,0
San Diego Legion,4,13,Luke Rogan,,1,0.4957,0.5374,16.6,0:31:28,0.567,0.239,0.194,0.884,2,21,94,631,5,2,9,7,0.448,0.179,0.373,0.921,151,13,164,44,7,2,5,3,644,0.99,2,0.67,0.26,0.07,22,0.46,0.54,0,643,5-Apr,1,0.8,17,0.82,0,0.94,11,0,0,0,0,0,0,6,4,2,0.36,0,0.18,5,5,0,0.36,0.09,0,0,0,0,0,0,0,0,0,0,0,0,0,0,0,0,0,0,0,0,0,0,0,0,0,0,N/A,3,1,2,11,4,1,3,0,0,1,2,0,1,1,0
Utah Warriors,4,13,Luke Rogan,,0,0.5043,0.4626,16.9,0:31:28,0.448,0.179,0.373,0.901,1,10,92,644,2,1,5,3,0.567,0.239,0.194,0.856,149,25,174,43,9,5,9,7,631,0.94,0,0.64,0.33,0.03,11,0.36,0.5,0.14,350,2-Feb,0.71,0.14,17,0.94,1,0.73,17,0,0,0,0,0,0,10,9,1,0.53,0,0.06,6,6,0,0.35,0,0,0,0,0,0,0,0,0,0,0,0,0,0,0,0,0,0,0,0,1,1,0,0.06,0,0,0,N/A,6,3,3,8,3,0,3,0,1,1,0,0,1,1,0
Seattle Seawolves,4,14,Ben Crouse,,1,0.5912,0.7028,25.3,0:35:55,0.571,0.133,0.295,0.931,4,35,142,923,2,0,9,8,0.583,0.153,0.264,0.887,157,20,177,25,15,2,4,10,526,0.99,1,0.7,0.26,0.04,15,0.62,0.31,0.08,376,8-Jun,1,0.88,16,0.89,0,0.8,9,2,2,0,0.22,0,0,5,4,1,0.44,0,0.11,2,2,0,0.22,0,0,0,0,0,0,0,0,0,0,0,0,0,0,0,0,0,0,0,0,0,0,0,0,0,0,0,N/A,7,7,0,9,1,1,2,1,3,1,0,0,1,1,0
Toronto Arrows,4,14,Ben Crouse,,0,0.4088,0.2972,17.5,0:35:55,0.583,0.153,0.264,0.888,3,30,102,526,2,1,4,10,0.571,0.133,0.295,0.879,218,30,248,40,13,2,9,8,923,0.99,1,0.61,0.27,0.12,21,0.56,0.44,0,478,6-Jun,1,0.63,16,1,1,0.89,5,0,0,0,0,0,0,2,2,0,0.4,0,0,3,3,0,0.4,0.2,0,0,0,0,0,0,0,0,0,0,0,0,0,0,0,0,0,0,0,0,0,0,0,0,0,0,0,9,8,1,12,2,0,1,0,7,1,1,0,0,0,0
Austin Elite Rugby,5,15,Moe Chaudhry,,0,0.3959,0.2929,14.2,0:31:45,0.49,0.143,0.367,0.874,2,17,81,599,4,1,7,4,0.588,0.186,0.227,0.863,208,33,241,42,18,5,13,9,814,0.96,2,0.68,0.26,0.06,7,0.59,0.18,0.24,230,3-Mar,0.75,0.75,17,0.77,2,0.85,13,6,4,2,0.23,0.08,0.15,3,3,0,0.23,0,0,2,2,0,0.15,0,0,2,1,1,0.08,0,0.08,0,0,0,0,0,0,0,0,0,0,0,0,0,0,0,0,0,0,0.25,0,9,1,7,14,3,2,4,0,3,0,1,0,0,0,0
San Diego Legion,5,15,Moe Chaudhry,,1,0.6041,0.7071,21.7,0:31:45,0.588,0.186,0.227,0.897,6,45,130,814,5,1,13,9,0.49,0.143,0.367,0.828,111,23,134,19,8,4,7,4,599,0.97,1,0.64,0.22,0.14,13,0.17,0.67,0.17,390,8-Jul,0.85,0.77,17,0.85,0,0.69,13,4,4,0,0.31,0,0,5,4,1,0.31,0,0.08,4,3,1,0.23,0,0.08,0,0,0,0,0,0,0,0,0,0,0,0,0,0,0,0,0,0,0,0,0,0,0,0,0.5,N/A,4,2,2,11,5,3,0,0,1,0,2,0,2,2,0
Houston SaberCats,5,16,Paul-Henri Courbier,,0,0.4642,0.5177,13.4,0:27:20,0.322,0.203,0.475,0.857,4,27,75,466,3,1,2,8,0.569,0.123,0.308,0.934,141,10,151,31,16,3,2,6,605,0.97,2,0.65,0.23,0.12,17,0.21,0.64,0.14,468,6-Mar,0.75,0.5,10,0.82,0,0.86,17,13,10,3,0.59,0,0.18,0,0,0,0,0,0,4,4,0,0.18,0.06,0,0,0,0,0,0,0,0,0,0,0,0,0,0,0,0,0,0,0,0,0,0,0,0,0,0.25,N/A,8,7,1,8,1,1,1,0,2,2,1,0,1,1,0
Toronto Arrows,5,16,Paul-Henri Courbier,,1,0.5358,0.4823,15.5,0:27:20,0.569,0.123,0.308,0.866,5,44,84,605,3,1,2,6,0.322,0.203,0.475,0.914,117,11,128,27,10,3,2,8,466,0.96,1,0.68,0.26,0.06,21,0.53,0.41,0.06,621,8-Aug,0.67,0.5,10,0.86,3,0.76,14,1,1,0,0.07,0,0,6,4,2,0.29,0,0.14,6,6,0,0.43,0,0,1,1,0,0.07,0,0,0,0,0,0,0,0,0,0,0,0,0,0,0,0,0,0,0,0,0,0,7,7,0,12,3,0,3,0,3,2,1,0,0,0,0
Utah Warriors,5,17,Ben Crouse,,2,0.5063,0.5271,19.2,0:36:31,0.438,0.238,0.325,0.966,3,26,114,794,7,3,10,14,0.689,0.115,0.197,0.776,135,39,174,13,5,10,14,9,1064,0.98,3,0.38,0.46,0.17,21,0.55,0.41,0.05,915,6-Apr,0.86,0.83,15,0.86,0,0.6,7,0,0,0,0,0,0,3,3,0,0.43,0,0,2,2,0,0.29,0,0,2,1,1,0.14,0,0.14,0,0,0,0,0,0,0,0,0,0,0,0,0,0,0,0,0,0,0,N/A,5,4,1,10,2,0,3,0,3,0,1,0,0,0,0
Glendale Raptors,5,17,Ben Crouse,,2,0.4937,0.4729,18.8,0:36:31,0.689,0.115,0.197,0.92,4,26,109,1064,10,5,14,9,0.438,0.238,0.325,0.823,163,35,198,29,8,7,10,14,794,0.96,2,0.7,0.28,0.01,14,0.63,0.32,0.05,514,4-Mar,1,0.67,15,0.8,0,0.86,10,5,5,0,0.3,0.2,0,0,0,0,0,0,0,4,2,2,0.2,0,0.2,0,0,0,0,0,0,0,0,0,0,0,0,0,0,0,0,0,0,1,1,0,0.1,0,0,0,N/A,7,6,1,10,4,0,1,1,1,1,2,0,0,0,0
Seattle Seawolves,5,18,Luke Rogan,,1,0.4039,0.5328,15.2,0:36:09,0.587,0.19,0.222,0.892,5,33,99,808,4,3,3,10,0.688,0.083,0.229,0.888,237,30,267,48,4,7,6,13,1088,0.99,2,0.65,0.31,0.04,20,0.5,0.44,0.06,618,5-Apr,0.9,0.9,21,0.89,3,0.5,9,2,1,1,0.11,0,0.11,1,1,0,0.11,0,0,3,3,0,0.33,0,0,3,3,0,0.33,0,0,0,0,0,0,0,0,0,0,0,0,0,0,0,0,0,0,0,0,0,0,5,5,0,6,3,1,2,0,0,0,0,0,0,0,0
Rugby United New York,5,18,Luke Rogan,,0,0.5961,0.4672,22.5,0:36:09,0.688,0.083,0.229,0.961,3,21,148,1088,7,0,6,13,0.587,0.19,0.222,0.863,151,24,175,15,11,4,3,10,808,0.98,1,0.63,0.31,0.07,21,0.54,0.38,0.08,596,3-Mar,0.92,0.91,21,0.63,1,0.89,8,0,0,0,0,0,0,0,0,0,0,0,0,7,4,3,0.5,0,0.38,1,1,0,0,0.13,0,0,0,0,0,0,0,0,0,0,0,0,0,0,0,0,0,0,0,0.2,N/A,5,3,2,7,4,1,0,0,2,0,0,0,0,0,0
Houston SaberCats,6,19,Ben Crouse,,0,0.5709,0.6005,19.7,0:33:28,0.413,0.188,0.4,0.828,1,8,101,650,2,1,7,12,0.571,0.107,0.321,0.91,131,13,144,25,11,2,2,4,505,0.98,1,0.49,0.37,0.14,14,0.22,0.67,0.11,488,2-Jan,1,0.88,20,0.94,0,0.8,17,12,11,1,0.59,0.06,0.06,0,0,0,0,0,0,5,5,0,0.24,0.06,0,0,0,0,0,0,0,0,0,0,0,0,0,0,0,0,0,0,0,0,0,0,0,0,0,0,N/A,5,2,3,9,1,1,1,0,1,1,3,0,0,0,0
Rugby United New York,6,19,Ben Crouse,,1,0.4291,0.3995,14.8,0:33:28,0.571,0.107,0.321,0.864,5,35,84,505,2,0,2,4,0.413,0.188,0.4,0.884,160,21,181,39,22,2,7,12,650,0.97,2,0.49,0.41,0.1,18,0.15,0.69,0.15,604,5-May,0.92,0.83,20,1,0,0.82,10,3,3,0,0.3,0,0,1,1,0,0.1,0,0,6,6,0,0.4,0.2,0,0,0,0,0,0,0,0,0,0,0,0,0,0,0,0,0,0,0,0,0,0,0,0,0,0,N/A,3,2,1,14,3,3,1,0,4,2,1,0,1,1,0
Utah Warriors,6,20,Scott Green,,0,0.3974,0.4463,13.1,0:30:10,0.632,0.158,0.211,0.93,3,19,57,330,1,1,3,6,0.583,0.238,0.179,0.887,173,22,195,38,15,4,7,5,664,1,0,0.67,0.28,0.05,28,0.19,0.75,0.06,819,3-Feb,0.6,0.56,17,0.89,0,0.44,9,1,0,1,0,0,0.11,5,5,0,0.44,0.11,0,3,3,0,0.33,0,0,0,0,0,0,0,0,0,0,0,0,0,0,0,0,0,0,0,0,0,0,0,0,0,0,0,N/A,4,3,1,10,2,0,2,0,2,1,3,0,1,1,0
NOLA Gold,6,20,Scott Green,,1,0.6026,0.5537,19.9,0:30:10,0.583,0.238,0.179,0.853,3,21,113,664,4,2,7,5,0.632,0.158,0.211,0.938,91,6,97,14,4,1,3,6,330,0.99,0,0.63,0.31,0.07,20,0.36,0.64,0,779,5-Feb,1,1,17,0.78,1,0.78,9,3,2,1,0.11,0.11,0.11,5,4,1,0.22,0.22,0.11,0,0,0,0,0,0,1,1,0,0.11,0,0,0,0,0,0,0,0,0,0,0,0,0,0,0,0,0,0,0,0,0,N/A,4,4,0,7,2,0,1,0,2,1,1,0,0,0,0
Glendale Raptors,6,21,Luke Rogan,,1,0.658,0.7417,27.5,0:34:31,0.642,0.142,0.217,0.953,4,22,141,954,8,2,17,9,0.545,0.091,0.364,0.869,86,13,99,23,14,2,7,12,277,0.98,1,0.56,0.37,0.07,23,0.57,0.43,0,606,4-Jan,0.67,0.71,16,0.69,3,0.5,16,1,1,0,0.06,0,0,6,2,4,0.13,0,0.25,7,6,1,0.38,0,0.06,0,0,0,0,0,0,0,0,0,0,0,0,0,0,0,0,0,0,2,2,0,0.13,0,0,0,0,2,1,1,5,1,0,3,0,0,0,1,0,0,0,0
Toronto Arrows,6,21,Luke Rogan,,0,0.342,0.2583,14.3,0:34:31,0.545,0.091,0.364,0.772,0,0,56,277,2,0,7,12,0.642,0.142,0.217,0.833,209,42,251,51,11,8,17,9,954,0.95,1,0.56,0.35,0.09,24,0.13,0.69,0.19,685,0/1,1,0.89,16,0.5,3,0.69,6,0,0,0,0,0,0,1,1,0,0.17,0,0,5,2,3,0.33,0,0.5,0,0,0,0,0,0,0,0,0,0,0,0,0,0,0,0,0,0,0,0,0,0,0,0,0,N/A,5,3,2,6,2,1,1,0,0,1,1,0,0,0,0
Glendale Raptors,7,22,Ben Crouse,,1,0.5785,0.51,24.6,0:37:05,0.634,0.069,0.297,0.914,5,38,153,1194,14,3,6,21,0.468,0.13,0.403,0.871,148,22,170,29,19,6,5,8,622,0.96,0,0.5,0.41,0.09,13,0.71,0.29,0,436,6-Jun,0.86,0.83,15,1,2,0.54,10,1,1,0,0.1,0,0,3,3,0,0.2,0.1,0,4,4,0,0.4,0,0,0,0,0,0,0,0,0,0,0,0,0,0,0,0,0,0,0,0,2,2,0,0.2,0,0,0.25,N/A,4,2,2,13,5,0,3,0,3,0,2,0,2,2,0
Austin Elite Rugby,7,22,Ben Crouse,,0,0.4215,0.49,17.9,0:37:05,0.468,0.13,0.403,0.867,3,19,95,622,6,3,5,8,0.634,0.069,0.297,0.861,216,35,251,53,12,14,6,21,1194,0.98,5,0.65,0.32,0.04,12,0.56,0.31,0.13,375,3-Feb,0.9,0.44,15,0.77,0,0.9,13,0,0,0,0,0,0,5,4,1,0.23,0.08,0.08,7,5,2,0.31,0.08,0.15,1,1,0,0,0.08,0,0,0,0,0,0,0,0,0,0,0,0,0,0,0,0,0,0,0,0.33,N/A,6,1,5,8,3,1,1,0,2,0,1,0,0,0,0
Seattle Seawolves,7,23,Ben Crouse,,1,0.5856,0.608,20,0:27:44,0.576,0.106,0.318,0.893,3,27,117,856,8,1,6,11,0.558,0.116,0.326,0.874,90,13,103,15,9,2,3,4,498,0.95,2,0.63,0.33,0.03,17,0.5,0.38,0.13,340,7-May,1,1,17,0.81,1,0.8,16,6,3,3,0.19,0,0.19,5,5,0,0.31,0,0,4,4,0,0.25,0,0,1,1,0,0.06,0,0,0,0,0,0,0,0,0,0,0,0,0,0,0,0,0,0,0,0,0,0,6,6,0,6,3,1,1,0,1,0,0,0,0,0,0
Houston SaberCats,7,23,Ben Crouse,,0,0.4144,0.392,14.2,0:27:44,0.558,0.116,0.326,0.864,1,14,64,498,2,1,3,4,0.576,0.106,0.318,0.874,180,26,206,36,16,8,6,11,856,0.96,1,0.69,0.24,0.07,20,0.19,0.75,0.06,441,5-Mar,0.9,0.8,17,0.8,0,0.81,10,5,3,2,0.3,0,0.2,0,0,0,0,0,0,4,4,0,0.4,0,0,1,1,0,0.1,0,0,0,0,0,0,0,0,0,0,0,0,0,0,0,0,0,0,0,0,0.17,0.67,9,7,1,10,3,1,1,0,5,0,0,0,0,0,0
Utah Warriors,7,24,Luke Rogan,,0,0.4672,0.4087,17.5,0:32:06,0.586,0.121,0.293,0.882,3,21,91,824,5,2,14,7,0.603,0.235,0.162,0.805,149,36,185,34,19,7,12,11,728,0.99,1,0.63,0.31,0.06,10,0.69,0.19,0.13,428,3-Mar,1,0.33,15,0.86,0,0.86,14,3,2,1,0.07,0.07,0.07,7,6,1,0.43,0,0.07,4,4,0,0.29,0,0,0,0,0,0,0,0,0,0,0,0,0,0,0,0,0,0,0,0,0,0,0,0,0,0,0.13,N/A,8,6,2,9,1,0,5,0,2,1,0,0,0,0,0
Rugby United New York,7,24,Luke Rogan,,1,0.5328,0.5913,19.9,0:32:06,0.603,0.235,0.162,0.879,7,45,96,728,7,3,12,11,0.586,0.121,0.293,0.794,131,34,165,32,13,5,14,7,824,0.99,0,0.64,0.27,0.09,22,0.4,0.6,0,656,6-May,1,0.58,15,1,1,0.79,7,4,4,0,0.57,0,0,0,0,0,0,0,0,3,3,0,0.29,0.14,0,0,0,0,0,0,0,0,0,0,0,0,0,0,0,0,0,0,0,0,0,0,0,0,0,0,0,3,3,0,4,1,0,1,0,0,1,1,0,1,1,0
Houston SaberCats,8,25,Ben Crouse,,0,0.5531,0.5182,20,0:35:53,0.447,0.245,0.309,0.938,1,11,129,746,2,0,4,18,0.545,0.197,0.258,0.88,162,22,184,31,7,6,6,4,989,0.98,3,0.64,0.27,0.09,12,0.56,0.31,0.13,308,3-Feb,0.92,0.23,16,0.73,0,0.8,11,3,3,0,0.27,0,0,1,1,0,0.09,0,0,5,3,2,0.27,0,0.18,1,0,1,0,0,0.09,1,1,0,0.09,0,0,0,0,0,0,0,0,0,0,0,0,0,0,0,0,7,6,1,9,3,1,1,0,2,0,2,0,0,0,0
NOLA Gold,8,25,Ben Crouse,,1,0.4469,0.4818,16.2,0:35:53,0.545,0.197,0.258,0.922,7,49,109,989,6,3,6,4,0.447,0.245,0.309,0.901,209,23,232,40,8,2,4,18,746,0.94,1,0.53,0.47,0,13,0.56,0.38,0.06,432,8-Jul,1,1,16,0.9,1,0.73,10,4,3,1,0.2,0.1,0.1,3,3,0,0.3,0,0,3,3,0,0.3,0,0,0,0,0,0,0,0,0,0,0,0,0,0,0,0,0,0,0,0,0,0,0,0,0,0,0.5,N/A,4,2,2,14,4,0,6,0,2,0,1,0,3,3,0
Rugby United New York,8,26,Scott Green,,1,0.4879,0.5478,17.4,0:31:39,0.53,0.265,0.205,0.924,4,24,93,561,1,1,3,4,0.605,0.174,0.221,0.946,174,10,184,34,4,2,3,7,539,0.98,0,0.6,0.29,0.11,7,0.38,0.63,0,210,4-Feb,1,0.6,13,0.92,0,1,13,9,8,1,0.62,0,0.08,0,0,0,0,0,0,3,3,0,0.23,0,0,1,1,0,0.08,0,0,0,0,0,0,0,0,0,0,0,0,0,0,0,0,0,0,0,0,0,N/A,6,4,2,8,4,0,1,0,2,0,1,0,2,2,0
Toronto Arrows,8,26,Scott Green,,0,0.5121,0.4522,18.3,0:31:39,0.605,0.174,0.221,0.972,2,21,105,539,2,1,3,7,0.53,0.265,0.205,0.915,150,14,164,32,12,1,3,4,561,0.99,1,0.45,0.45,0.1,10,0.53,0.47,0,444,5-Apr,0.88,0.5,13,1,0,0.92,5,0,0,0,0,0,0,3,3,0,0.6,0,0,2,2,0,0.4,0,0,0,0,0,0,0,0,0,0,0,0,0,0,0,0,0,0,0,0,0,0,0,0,0,0,0,N/A,3,2,1,12,1,0,3,0,4,2,2,0,0,0,0
Austin Elite Rugby,8,27,Luke Rogan,,0,0.4005,0.3915,12.2,0:28:47,0.5,0.13,0.37,0.853,2,17,76,539,3,2,7,6,0.577,0.082,0.34,0.884,222,29,251,56,16,6,10,16,804,0.98,5,0.63,0.28,0.09,17,0.63,0.25,0.13,338,3-Mar,0.63,0.57,23,0.67,1,0.79,9,1,1,0,0.11,0,0,0,0,0,0,0,0,7,5,2,0.44,0.11,0.22,1,0,1,0,0,0.11,0,0,0,0,0,0,0,0,0,0,0,0,0,0,0,0,0,0,0.2,N/A,5,3,2,13,4,2,3,1,1,0,2,0,0,0,0
Seattle Seawolves,8,27,Luke Rogan,,1,0.5995,0.6085,18.2,0:28:47,0.577,0.082,0.34,0.896,4,29,136,804,6,3,10,16,0.5,0.13,0.37,0.891,98,12,110,25,9,3,7,6,539,0.95,1,0.7,0.21,0.09,11,0.58,0.33,0.08,421,5-Apr,0.94,0.88,23,0.79,1,0.56,14,3,3,0,0.21,0,0,4,3,1,0.21,0,0.07,3,3,0,0.21,0,0,4,2,2,0.14,0,0.14,0,0,0,0,0,0,0,0,0,0,0,0,0,0,0,0,0,0,0,N/A,4,4,0,7,3,1,2,0,1,0,0,0,0,0,0
Glendale Raptors,8,28,Derek Summers,,2,0.5864,0.5722,24.5,0:33:00,0.512,0.174,0.314,0.903,4,28,120,782,3,0,13,6,0.516,0.141,0.344,0.877,142,20,162,27,9,0,7,12,496,0.97,1,0.58,0.35,0.07,26,0.36,0.5,0.14,866,5-Apr,0.8,0.88,14,0.75,1,0.82,16,0,0,0,0,0,0,7,6,1,0.38,0,0.06,9,6,3,0.38,0,0.19,0,0,0,0,0,0,0,0,0,0,0,0,0,0,0,0,0,0,0,0,0,0,0,0,0,N/A,4,2,2,10,4,1,3,0,1,1,0,0,1,1,0
San Diego Legion,8,28,Derek Summers,,2,0.4136,0.4278,17.3,0:33:00,0.516,0.141,0.344,0.92,4,28,89,496,0,0,7,12,0.512,0.174,0.314,0.811,172,40,212,24,16,3,13,6,782,0.95,3,0.67,0.25,0.08,22,0.17,0.67,0.17,625,4-Apr,1,0.67,14,0.88,1,0.75,17,1,1,0,0.06,0,0,4,4,0,0.24,0,0,10,8,2,0.47,0,0.12,2,2,0,0.06,0.06,0,0,0,0,0,0,0,0,0,0,0,0,0,0,0,0,0,0,0,0,0,6,3,3,12,6,3,0,0,1,1,1,0,1,1,0
Houston SaberCats,9,29,Scott Green,,1,0.3804,0.5387,12.3,0:32:28,0.667,0.026,0.308,0.969,2,29,61,466,0,0,3,5,0.542,0.135,0.323,0.905,209,22,231,40,18,7,4,17,1248,0.98,2,0.57,0.32,0.11,19,0.29,0.64,0.07,570,7-Jul,1,0.29,10,0.75,2,0.63,12,8,6,2,0.5,0,0.17,0,0,0,0,0,0,4,3,1,0.25,0,0.08,0,0,0,0,0,0,0,0,0,0,0,0,0,0,0,0,0,0,0,0,0,0,0,0,0.2,N/A,5,4,1,11,3,0,1,0,1,1,4,0,0,0,0
Utah Warriors,9,29,Scott Green,,0,0.6196,0.4613,20.1,0:32:28,0.542,0.135,0.323,0.906,3,27,138,1248,7,1,4,17,0.667,0.026,0.308,0.815,88,20,108,17,0,0,3,5,466,0.97,1,0.49,0.47,0.04,9,0.71,0.18,0.11,311,5-May,0.67,0.33,10,0.69,1,0.75,16,1,0,1,0,0,0.06,1,1,0,0.06,0,0,14,10,4,0.56,0.06,0.25,0,0,0,0,0,0,0,0,0,0,0,0,0,0,0,0,0,0,0,0,0,0,0,0,0,1,9,7,2,11,0,1,6,0,2,2,0,0,0,0,0
NOLA Gold,9,30,Derek Summers,,1,0.5307,0.461,19.5,0:34:23,0.594,0.135,0.271,0.874,5,35,147,1039,8,4,7,14,0.672,0.149,0.179,0.884,153,20,173,41,17,8,3,9,747,0.99,2,0.55,0.39,0.06,10,0.47,0.41,0.12,381,5-May,0.75,0.71,16,1,2,0.7,9,3,3,0,0.33,0,0,3,3,0,0.33,0,0,2,2,0,0.22,0,0,1,1,0,0.11,0,0,0,0,0,0,0,0,0,0,0,0,0,0,0,0,0,0,0,0,0,N/A,5,0,5,7,1,1,2,0,1,0,2,0,2,2,0
Austin Elite Rugby,9,30,Derek Summers,,0,0.4693,0.539,17.2,0:34:23,0.672,0.149,0.179,0.87,5,31,101,747,8,3,3,9,0.594,0.135,0.271,0.87,200,30,230,43,25,8,7,14,1039,0.95,0,0.57,0.39,0.04,14,0.53,0.27,0.2,409,5-Mar,0.9,0.78,16,0.8,0,1,10,1,1,0,0.1,0,0,3,2,1,0.2,0,0.1,5,4,1,0.3,0.1,0.1,0,0,0,0,0,0,0,0,0,0,0,0,0,0,0,0,0,0,1,1,0,0.1,0,0,0,0,6,3,3,7,3,2,1,0,1,0,0,0,0,0,0
Rugby United New York,9,31,Ben Crouse,,1,0.471,0.4322,21.4,0:33:13,0.567,0.134,0.299,0.881,5,31,102,798,6,2,5,12,0.604,0.125,0.271,0.858,188,31,219,44,9,8,4,12,1251,0.95,1,0.59,0.3,0.11,16,0.44,0.5,0.06,565,5-Mar,0.91,0.55,20,0.85,3,0.6,13,1,1,0,0.08,0,0,0,0,0,0,0,0,7,5,2,0.38,0,0.15,4,4,0,0.31,0,0,0,0,0,0,0,0,0,0,0,0,0,0,1,1,0,0.08,0,0,0,N/A,4,4,0,11,5,2,0,0,2,0,2,0,1,1,0
Glendale Raptors,9,31,Ben Crouse,,0,0.529,0.5678,24.1,0:33:13,0.604,0.125,0.271,0.929,3,19,129,1251,8,3,4,12,0.567,0.134,0.299,0.836,158,31,189,41,12,6,5,12,798,0.97,2,0.79,0.18,0.03,9,0.84,0.12,0.04,373,3-Feb,0.89,0.78,20,0.73,0,0.85,15,0,0,0,0,0,0,6,5,1,0.27,0.07,0.07,8,5,3,0.27,0.07,0.2,0,0,0,0,0,0,0,0,0,0,0,0,0,0,0,0,0,0,1,1,0,0.07,0,0,0.17,N/A,6,4,2,7,3,1,3,0,0,0,0,0,2,2,0
Austin Elite Rugby,10,32,Luke Rogan,,0,0.4516,0.5023,15.4,0:29:45,0.684,0.053,0.263,0.936,1,11,83,660,2,0,4,7,0.5,0.205,0.295,0.899,151,17,168,38,14,2,3,8,604,0.96,2,0.62,0.25,0.13,9,0.74,0.21,0.05,238,3-Feb,0.9,0.7,27,0.67,4,0.67,6,0,0,0,0,0,0,3,2,1,0.17,0.17,0.17,3,2,1,0.33,0,0.17,0,0,0,0,0,0,0,0,0,0,0,0,0,0,0,0,0,0,0,0,0,0,0,0,0,N/A,4,1,3,18,3,0,7,0,1,2,4,0,2,2,0
Rugby United New York,10,32,Luke Rogan,,1,0.5484,0.4977,18.7,0:29:45,0.5,0.205,0.295,0.889,3,19,102,604,2,1,3,8,0.684,0.053,0.263,0.863,120,19,139,37,8,2,4,7,660,0.97,1,0.52,0.37,0.11,7,0.29,0.57,0.14,150,3-Feb,0.78,0.41,27,0.67,0,0.5,15,7,4,3,0.27,0,0.2,0,0,0,0,0,0,7,6,1,0.4,0,0.07,1,0,1,0,0,0.07,0,0,0,0,0,0,0,0,0,0,0,0,0,0,0,0,0,0,0,0,5,3,1,9,3,0,3,0,2,0,0,0,2,1,1
Glendale Raptors,10,33,Derek Summers,,1,0.4938,0.5314,19.9,0:37:13,0.589,0.126,0.284,0.938,4,34,142,1072,10,1,11,14,0.565,0.176,0.259,0.909,189,19,208,34,15,7,6,6,690,0.98,4,0.67,0.27,0.06,17,0.53,0.47,0,567,6-Jun,1,1,11,1,1,0.75,7,0,0,0,0,0,0,2,2,0,0.14,0.14,0,5,5,0,0.71,0,0,0,0,0,0,0,0,0,0,0,0,0,0,0,0,0,0,0,0,0,0,0,0,0,0,0,N/A,6,2,4,13,10,1,1,0,0,0,1,0,2,2,0
NOLA Gold,10,33,Derek Summers,,0,0.5062,0.4686,20.4,0:37:13,0.565,0.176,0.259,0.887,5,33,116,690,7,3,6,6,0.589,0.126,0.284,0.86,203,33,236,39,6,10,11,14,1072,0.96,2,0.54,0.42,0.04,15,0.44,0.44,0.13,560,5-Apr,1,0.25,11,0.88,0,0.86,16,5,3,2,0.19,0,0.13,3,3,0,0.19,0,0,8,8,0,0.38,0.13,0,0,0,0,0,0,0,0,0,0,0,0,0,0,0,0,0,0,0,0,0,0,0,0,0,0.17,N/A,6,2,4,8,3,2,0,0,1,0,2,0,1,0,1
Seattle Seawolves,10,34,Elgan Williams,,0,0.5629,0.4186,23.7,0:34:35,0.625,0.102,0.273,0.828,4,22,128,744,6,0,8,8,0.742,0.076,0.182,0.825,146,31,177,36,10,4,6,11,717,0.95,0,0.6,0.37,0.03,16,0.29,0.59,0.12,636,4-Jan,1,0.78,13,0.89,0,0.8,18,3,2,1,0.11,0,0.06,7,7,0,0.28,0.11,0,6,5,1,0.28,0,0.06,2,2,0,0.06,0.06,0,0,0,0,0,0,0,0,0,0,0,0,0,0,0,0,0,0,0,0,0,7,7,0,12,3,2,1,0,2,0,3,0,0,0,0
San Diego Legion,10,34,Elgan Williams,,1,0.4371,0.5814,18.4,0:34:35,0.742,0.076,0.182,0.941,3,28,98,717,4,2,6,11,0.625,0.102,0.273,0.909,190,19,209,33,23,6,8,8,744,1,1,0.43,0.42,0.14,22,0.54,0.38,0.08,701,8-May,1,0.75,13,0.8,0,0.72,10,1,1,0,0.1,0,0,1,1,0,0.1,0,0,8,6,2,0.6,0,0.2,0,0,0,0,0,0,0,0,0,0,0,0,0,0,0,0,0,0,0,0,0,0,0,0,0.2,N/A,5,3,2,11,3,1,2,1,1,0,3,0,1,0,1
Utah Warriors,10,35,Elgan Williams,,0,0.52,0.5587,19.9,0:34:05,0.506,0.2,0.294,0.906,5,29,134,915,7,2,5,16,0.692,0.154,0.154,0.808,139,33,172,32,5,10,5,15,828,0.96,1,0.79,0.21,0,9,0.61,0.28,0.11,350,4-Feb,1,1,11,0.83,1,0.91,12,1,0,1,0,0,0.08,6,6,0,0.42,0.08,0,5,4,1,0.33,0,0.08,0,0,0,0,0,0,0,0,0,0,0,0,0,0,0,0,0,0,0,0,0,0,0,0,0.09,N/A,11,3,8,11,1,0,5,0,3,0,2,0,0,0,0
Toronto Arrows,10,35,Elgan Williams,,1,0.48,0.4413,18.4,0:34:05,0.692,0.154,0.154,0.948,9,64,108,828,10,5,5,15,0.506,0.2,0.294,0.86,197,32,229,47,12,7,5,16,915,0.96,2,0.6,0.31,0.1,18,0.45,0.55,0,548,44084,1,0.29,11,0.91,2,0.75,11,4,4,0,0.36,0,0,3,2,1,0.18,0,0.09,3,3,0,0.27,0,0,1,1,0,0.09,0,0,0,0,0,0,0,0,0,0,0,0,0,0,0,0,0,0,0,0,0,N/A,6,5,1,8,3,1,0,0,1,1,2,0,0,0,0
Glendale Raptors,11,36,Elgan Williams,,1,0.4933,0.4928,18.2,0:32:32,0.529,0.165,0.306,0.912,7,52,149,1244,14,3,6,17,0.563,0.031,0.406,0.876,92,13,105,17,12,4,3,6,502,0.99,4,0.71,0.25,0.04,11,0.62,0.23,0.15,317,8-Aug,0.33,1,13,0.9,1,0.57,10,0,0,0,0,0,0,3,3,0,0.3,0,0,7,6,1,0.4,0.2,0.1,0,0,0,0,0,0,0,0,0,0,0,0,0,0,0,0,0,0,0,0,0,0,0,0,0,N/A,9,3,6,12,3,0,9,0,0,0,0,0,1,1,0
Houston SaberCats,11,36,Elgan Williams,,0,0.5067,0.5072,18.7,0:32:32,0.563,0.031,0.406,0.862,6,40,64,502,4,2,3,6,0.529,0.165,0.306,0.852,195,34,229,29,8,14,6,17,1244,0.92,0,0.42,0.29,0.29,22,0.3,0.6,0.1,552,6-Apr,1,0.25,13,0.71,0,0.7,7,1,1,0,0.14,0,0,0,0,0,0,0,0,5,3,2,0.29,0.14,0.29,1,1,0,0.14,0,0,0,0,0,0,0,0,0,0,0,0,0,0,0,0,0,0,0,0,0.14,N/A,7,4,3,10,4,0,0,0,2,0,4,0,0,0,0
San Diego Legion,11,37,Paul-Henri Courbier,,1,0.511,0.6368,17.4,0:31:48,0.623,0.23,0.148,0.93,7,45,106,798,4,2,3,17,0.431,0.083,0.486,0.833,160,32,192,25,30,1,6,7,543,0.96,1,0.68,0.22,0.1,15,0.29,0.43,0.29,408,7-May,0.71,0.5,17,0.92,1,0.88,13,2,2,0,0.15,0,0,4,4,0,0.31,0,0,5,5,0,0.38,0,0,0,0,0,0,0,0,1,0,1,0,0,0.08,0,0,0,0,0,0,1,1,0,0.08,0,0,0.25,N/A,4,1,3,9,4,0,3,0,2,0,0,0,1,1,0
Austin Elite Rugby,11,37,Paul-Henri Courbier,,0,0.489,0.3632,16.7,0:31:48,0.431,0.083,0.486,0.771,2,15,109,543,1,1,6,7,0.623,0.23,0.148,0.832,153,31,184,25,9,4,3,17,798,0.98,1,0.6,0.33,0.08,12,0.41,0.24,0.35,260,3-Feb,0.64,0.36,17,0.88,0,0.92,8,0,0,0,0,0,0,3,3,0,0.38,0,0,3,2,1,0.25,0,0.13,1,1,0,0.13,0,0,0,0,0,0,0,0,0,0,0,0,0,0,1,1,0,0.13,0,0,0,N/A,8,3,5,11,1,1,6,0,2,0,1,0,0,0,0
Toronto Arrows,11,38,Scott Green,,0,0.4272,0.4914,14.9,0:34:21,0.677,0.065,0.258,0.859,5,31,100,690,7,0,4,6,0.516,0.164,0.32,0.961,249,10,259,63,22,4,6,6,953,0.96,3,0.74,0.25,0.01,6,0.58,0.33,0.08,246,5-Mar,1,0.43,11,0.77,1,0.69,13,7,6,1,0.38,0.08,0.08,2,2,0,0.15,0,0,4,2,2,0.15,0,0.15,0,0,0,0,0,0,0,0,0,0,0,0,0,0,0,0,0,0,0,0,0,0,0,0,0,N/A,5,4,1,11,4,1,1,1,2,0,1,0,1,1,0
NOLA Gold,11,38,Scott Green,,1,0.5728,0.5086,19.9,0:34:21,0.516,0.164,0.32,0.888,5,33,146,953,4,0,6,6,0.677,0.065,0.258,0.894,144,17,161,38,13,7,4,6,690,0.98,1,0.67,0.25,0.08,11,0.69,0.23,0.08,372,4-Apr,1,0.5,11,0.81,2,0.69,16,7,5,2,0.19,0.13,0.13,2,2,0,0.13,0,0,3,3,0,0.19,0,0,4,3,1,0.19,0,0.06,0,0,0,0,0,0,0,0,0,0,0,0,0,0,0,0,0,0,0,N/A,5,3,2,15,3,0,4,0,5,0,3,0,0,0,0
Utah Warriors,11,39,Luke Rogan,,0,0.5316,0.4956,20.5,0:34:58,0.58,0.182,0.239,0.954,5,36,128,975,7,4,3,19,0.691,0.191,0.118,0.856,155,26,181,28,5,7,6,9,883,0.96,3,0.59,0.35,0.05,14,0.63,0.38,0,415,6-May,1,1,6,0.91,0,0.86,11,3,3,0,0.27,0,0,6,5,1,0.27,0.18,0.09,2,2,0,0.18,0,0,0,0,0,0,0,0,0,0,0,0,0,0,0,0,0,0,0,0,0,0,0,0,0,0,0.11,N/A,9,8,1,10,4,0,0,0,0,2,3,0,0,0,0
Seattle Seawolves,11,39,Luke Rogan,,1,0.4684,0.5044,18,0:34:58,0.691,0.191,0.118,0.963,7,48,102,883,7,2,6,9,0.58,0.182,0.239,0.882,202,27,229,33,14,7,3,19,975,0.95,3,0.74,0.19,0.07,15,0.57,0.35,0.09,615,8-Jun,1,1,6,0.93,1,0.73,14,4,4,0,0.29,0,0,5,5,0,0.36,0,0,2,1,1,0.07,0,0.07,3,3,0,0.14,0.07,0,0,0,0,0,0,0,0,0,0,0,0,0,0,0,0,0,0,0,0.14,N/A,7,3,4,8,6,2,0,0,0,0,0,0,0,0,0
Houston SaberCats,12,40,Derek Summers,,0,0.4063,0.4371,14.4,0:31:58,0.688,0.094,0.219,0.907,2,10,56,448,2,0,4,7,0.667,0.086,0.247,0.929,184,14,198,24,3,5,2,6,915,0.93,4,0.66,0.29,0.06,23,0.36,0.5,0.14,635,0/2,1,1,12,0.83,0,0.93,12,6,4,2,0.25,0.08,0.17,1,1,0,0.08,0,0,5,5,0,0.17,0.25,0,0,0,0,0,0,0,0,0,0,0,0,0,0,0,0,0,0,0,0,0,0,0,0,0,0,N/A,11,6,5,9,2,3,0,1,2,0,1,0,0,0,0
Seattle Seawolves,12,40,Derek Summers,,1,0.5937,0.5629,21,0:31:58,0.667,0.086,0.247,0.968,7,52,134,915,5,1,2,6,0.688,0.094,0.219,0.925,86,7,93,15,4,2,4,7,448,0.96,0,0.65,0.25,0.1,27,0.48,0.48,0.04,939,10-Jul,1,1,12,1,1,0.5,14,7,7,0,0.43,0.07,0,2,2,0,0.14,0,0,1,1,0,0.07,0,0,2,2,0,0.14,0,0,0,0,0,0,0,0,0,0,0,0,0,0,2,2,0,0.14,0,0,0,0,5,4,1,7,2,2,0,1,0,1,1,0,0,0,0
NOLA Gold,12,41,Paul-Henri Courbier,,1,0.4343,0.2643,13.2,0:29:09,0.471,0.235,0.294,0.873,4,28,67,526,3,1,3,11,0.525,0.2,0.275,0.894,161,19,180,30,10,6,3,12,727,0.98,0,0.56,0.28,0.15,12,0.7,0.26,0.04,298,4-Apr,1,0.6,19,0.73,1,0.67,15,3,2,1,0.13,0,0.07,3,2,1,0.13,0,0.07,4,4,0,0.13,0.13,0,5,3,2,0.2,0,0.13,0,0,0,0,0,0,0,0,0,0,0,0,0,0,0,0,0,0,0.33,N/A,3,1,2,11,2,3,2,0,4,0,0,0,0,0,0
Utah Warriors,12,41,Paul-Henri Courbier,,0,0.5657,0.7357,17.2,0:29:09,0.525,0.2,0.275,0.927,3,19,106,727,6,0,3,12,0.471,0.235,0.294,0.822,88,19,107,16,4,3,3,11,526,0.99,0,0.59,0.36,0.05,8,0.4,0.6,0,228,3-Feb,0.86,0.71,19,0.75,1,0.6,12,0,0,0,0,0,0,5,4,1,0.33,0,0.08,5,4,1,0.33,0,0.08,2,1,1,0,0.08,0.08,0,0,0,0,0,0,0,0,0,0,0,0,0,0,0,0,0,0,0,N/A,5,3,2,13,2,4,4,0,1,2,0,0,0,0,0
Rugby United New York,12,42,Elgan Williams,,0,0.5555,0.4887,18.4,0:31:56,0.359,0.234,0.406,0.817,3,19,98,570,1,0,2,10,0.648,0.111,0.241,0.858,133,22,155,17,5,6,3,14,766,0.99,0,0.48,0.35,0.17,18,0.52,0.43,0.05,598,3-Feb,0.8,0.44,16,0.83,1,0.75,12,4,4,0,0.33,0,0,2,2,0,0.17,0,0,6,4,2,0.33,0,0.17,0,0,0,0,0,0,0,0,0,0,0,0,0,0,0,0,0,0,0,0,0,0,0,0,0.5,N/A,6,1,5,10,2,1,3,1,1,1,1,0,1,1,0
San Diego Legion,12,42,Elgan Williams,,1,0.4445,0.5113,14.7,0:31:56,0.648,0.111,0.241,0.952,5,27,90,766,6,1,3,14,0.359,0.234,0.406,0.911,153,15,168,21,19,1,2,10,570,0.99,0,0.61,0.3,0.09,16,0.36,0.64,0,432,4-Jan,1,0.57,16,0.75,1,0.83,16,1,1,0,0.06,0,0,3,2,1,0.13,0,0.06,9,6,3,0.38,0,0.19,1,1,0,0.06,0,0,0,0,0,0,0,0,0,0,0,0,0,0,2,2,0,0.13,0,0,0,N/A,3,2,1,9,2,1,2,0,0,1,2,1,2,2,0
Rugby United New York,13,43,Luke Rogan,,1,0.5559,0.5963,19.6,0:34:37,0.622,0.156,0.222,0.942,4,24,124,846,6,2,3,15,0.468,0.21,0.323,0.848,156,28,184,22,5,6,4,6,726,0.98,3,0.53,0.32,0.15,15,0.78,0.22,0,350,4-Feb,1,0.75,12,0.81,0,0.91,16,10,7,3,0.44,0,0.19,0,0,0,0,0,0,5,5,0,0.31,0,0,0,0,0,0,0,0,0,0,0,0,0,0,0,0,0,0,0,0,1,1,0,0.06,0,0,0,0,6,4,1,9,4,1,1,0,1,1,1,0,0,0,0
Utah Warriors,13,43,Luke Rogan,,0,0.4441,0.4037,15.7,0:34:37,0.468,0.21,0.323,0.927,3,22,94,726,6,0,4,6,0.622,0.156,0.222,0.856,173,29,202,26,8,6,3,15,846,0.95,1,0.59,0.32,0.09,14,0.4,0.5,0.1,504,5-Mar,0.88,0.75,12,0.91,1,0.81,11,0,0,0,0,0,0,3,2,1,0.18,0,0.09,8,8,0,0.73,0,0,0,0,0,0,0,0,0,0,0,0,0,0,0,0,0,0,0,0,0,0,0,0,0,0,0.2,N/A,5,3,2,14,5,0,0,0,2,4,2,0,2,2,0
San Diego Legion,13,44,Scott Green,,1,0.4621,0.5115,16.2,0:31:06,0.596,0.088,0.316,0.937,6,46,99,892,9,7,7,16,0.619,0.093,0.289,0.853,203,35,238,39,19,9,11,10,856,0.93,1,0.49,0.39,0.12,17,0.53,0.47,0,404,8-Jul,1,0.8,16,0.83,1,0.73,12,4,4,0,0.33,0,0,1,1,0,0.08,0,0,7,5,2,0.42,0,0.17,0,0,0,0,0,0,0,0,0,0,0,0,0,0,0,0,0,0,0,0,0,0,0,0,0,N/A,3,1,2,10,2,0,0,0,6,1,1,0,1,0,1
Glendale Raptors,13,44,Scott Green,,0,0.5379,0.4885,18.9,0:31:06,0.619,0.093,0.289,0.894,2,15,135,856,9,3,11,10,0.596,0.088,0.316,0.856,137,23,160,40,8,9,7,16,892,0.97,3,0.65,0.23,0.12,9,0.6,0.3,0.1,270,3-Feb,1,1,16,0.73,1,0.83,15,0,0,0,0,0,0,6,5,1,0.33,0,0.07,9,6,3,0.4,0,0.2,0,0,0,0,0,0,0,0,0,0,0,0,0,0,0,0,0,0,0,0,0,0,0,0,0,0.5,11,5,5,10,2,2,1,0,3,1,1,0,1,1,0
Seattle Seawolves,13,45,Sam Grove-White,,1,0.4194,0.6246,15.3,0:33:40,0.586,0.2,0.214,0.961,1,25,99,734,5,3,2,11,0.504,0.124,0.372,0.912,227,22,249,48,15,4,2,8,1021,1,1,0.67,0.26,0.08,17,0.57,0.43,0,571,7-Jul,1,0.91,18,0.8,0,0.8,10,1,1,0,0.1,0,0,3,2,1,0.2,0,0.1,4,3,1,0.3,0,0.1,2,2,0,0.2,0,0,0,0,0,0,0,0,0,0,0,0,0,0,0,0,0,0,0,0,0,N/A,5,3,2,5,0,1,0,0,2,1,1,0,1,1,0
NOLA Gold,13,45,Sam Grove-White,,0,0.5806,0.3754,21.2,0:33:40,0.504,0.124,0.372,0.875,4,24,146,1021,4,0,2,8,0.586,0.2,0.214,0.875,147,21,168,21,3,5,2,11,734,0.99,0,0.68,0.27,0.05,13,0.56,0.4,0.04,427,4-Feb,0.71,0.57,18,0.9,1,0.8,10,2,1,1,0.1,0,0.1,2,2,0,0.2,0,0,5,5,0,0.4,0.1,0,1,1,0,0.1,0,0,0,0,0,0,0,0,0,0,0,0,0,0,0,0,0,0,0,0,0.29,N/A,7,4,3,8,1,0,3,0,4,0,0,0,0,0,0
Toronto Arrows,13,46,Derek Summers,,1,0.4582,0.4006,13,0:26:48,0.522,0.196,0.283,0.89,5,35,70,420,1,1,4,7,0.574,0.147,0.279,0.845,158,29,187,37,10,4,9,10,600,0.95,3,0.54,0.35,0.11,11,0.64,0.27,0.09,364,5-May,1,0.78,23,0.88,0,1,8,4,4,0,0.5,0,0,1,1,0,0.13,0,0,3,2,1,0.13,0.13,0.13,0,0,0,0,0,0,0,0,0,0,0,0,0,0,0,0,0,0,0,0,0,0,0,0,0,N/A,3,3,0,13,3,0,4,0,4,1,0,0,0,0,0
Houston SaberCats,13,46,Derek Summers,,0,0.5418,0.5994,15.4,0:26:48,0.574,0.147,0.279,0.917,3,19,106,600,4,2,9,10,0.522,0.196,0.283,0.862,100,16,116,19,7,1,4,7,420,0.9,1,0.74,0.26,0,6,0.67,0.25,0.08,205,2-Feb,1,0.71,23,1,1,0.75,9,5,5,0,0.56,0,0,1,1,0,0.11,0,0,2,2,0,0.22,0,0,1,1,0,0.11,0,0,0,0,0,0,0,0,0,0,0,0,0,0,0,0,0,0,0,0,0,N/A,6,4,2,8,3,0,2,0,1,2,0,0,0,0,0
Glendale Raptors,14,47,Derek Summers,,1,0.4831,0.4814,18,0:36:20,0.641,0.179,0.179,0.929,2,20,103,672,6,1,7,3,0.539,0.197,0.263,0.934,156,11,167,38,4,2,3,17,653,0.98,3,0.63,0.25,0.11,24,0.21,0.79,0,805,4-Apr,1,1,16,0.85,1,0.69,13,0,0,0,0,0,0,6,5,1,0.38,0,0.08,6,5,1,0.38,0,0.08,0,0,0,0,0,0,0,0,0,0,0,0,0,0,0,0,0,0,1,1,0,0.08,0,0,0,N/A,5,4,1,11,3,0,1,1,5,1,0,0,0,0,0
Rugby United New York,14,47,Derek Summers,,0,0.5169,0.5186,19.3,0:36:20,0.539,0.197,0.263,0.933,1,16,106,653,2,1,3,17,0.641,0.179,0.179,0.897,156,18,174,43,6,6,7,3,672,0.97,1,0.45,0.4,0.15,22,0.58,0.38,0.04,757,4-Apr,0.91,0.9,16,0.75,0,0.85,16,12,9,3,0.56,0,0.19,3,2,1,0.06,0.06,0.06,1,1,0,0.06,0,0,0,0,0,0,0,0,0,0,0,0,0,0,0,0,0,0,0,0,0,0,0,0,0,0,0,N/A,4,2,2,7,5,0,0,0,2,0,0,0,0,0,0
Houston SaberCats,14,48,Luke Rogan,,0,0.6039,0.6234,18.7,0:24:45,0.488,0.134,0.378,0.897,3,19,120,732,7,5,1,16,0.5,0.214,0.286,0.889,80,10,90,20,11,6,2,9,629,0.99,0,0.66,0.25,0.09,3,0.94,0.06,0,122,4-Feb,1,0.63,27,0.92,0,0.8,12,4,4,0,0.33,0,0,3,3,0,0.17,0.08,0,5,4,1,0.25,0.08,0.08,0,0,0,0,0,0,0,0,0,0,0,0,0,0,0,0,0,0,0,0,0,0,0,0,0,0,7,2,4,5,0,2,2,0,0,0,1,0,0,0,0
San Diego Legion,14,48,Luke Rogan,,1,0.3961,0.3766,12.2,0:24:45,0.5,0.214,0.286,0.746,6,40,60,629,6,2,2,9,0.488,0.134,0.378,0.934,169,12,181,35,9,7,1,16,732,0.97,0,0.65,0.29,0.06,5,0.5,0.25,0.25,58,7-May,0.91,0.73,27,1,0,0.75,5,1,1,0,0.2,0,0,0,0,0,0,0,0,2,2,0,0.2,0.2,0,1,1,0,0.2,0,0,0,0,0,0,0,0,0,0,0,0,0,0,1,1,0,0.2,0,0,0,N/A,4,1,3,16,3,0,7,1,1,1,3,0,1,1,0
Toronto Arrows,14,49,Scott Green,,1,0.5621,0.5227,20.2,0:35:06,0.607,0.111,0.282,0.979,4,29,146,839,3,0,2,9,0.636,0.061,0.303,0.842,154,29,183,22,1,3,6,8,736,0.98,1,0.74,0.24,0.02,13,0.5,0.5,0,453,5-Apr,1,1,16,0.77,1,0.88,13,5,3,2,0.15,0.08,0.15,2,2,0,0.08,0.08,0,6,5,1,0.38,0,0.08,0,0,0,0,0,0,0,0,0,0,0,0,0,0,0,0,0,0,0,0,0,0,0,0,1,0,3,1,2,9,3,0,1,0,1,1,3,0,0,0,0
Seattle Seawolves,14,49,Scott Green,,0,0.4379,0.4773,15.8,0:35:06,0.636,0.061,0.303,0.953,1,7,105,736,3,1,6,8,0.607,0.111,0.282,0.922,225,19,244,28,5,3,2,9,839,0.99,1,0.76,0.23,0.01,12,0.5,0.4,0.1,292,43831,0.86,0.71,16,0.88,2,0.62,8,2,2,0,0.25,0,0,1,1,0,0.13,0,0,5,4,1,0.5,0,0.13,0,0,0,0,0,0,0,0,0,0,0,0,0,0,0,0,0,0,0,0,0,0,0,0,0,0,8,2,4,8,3,0,1,0,1,0,3,0,1,0,1
Utah Warriors,14,50,Sam Grove-White,,1,0.3983,0.4111,12.7,0:28:56,0.5,0.125,0.375,0.913,5,35,76,610,8,4,4,17,0.524,0.214,0.262,0.85,176,31,207,33,15,3,2,11,780,0.96,3,0.51,0.38,0.11,9,0.46,0.46,0.08,432,5-May,0.67,0.56,19,0.67,2,0.75,9,0,0,0,0,0,0,5,4,1,0.44,0,0.11,4,2,2,0.22,0,0.22,0,0,0,0,0,0,0,0,0,0,0,0,0,0,0,0,0,0,0,0,0,0,0,0,0,0,4,4,0,16,6,2,4,1,2,0,1,0,1,1,0
Austin Elite Rugby,14,50,Sam Grove-White,,0,0.6017,0.5889,19.2,0:28:56,0.524,0.214,0.262,0.877,3,19,117,780,3,1,2,11,0.5,0.125,0.375,0.86,111,18,129,20,10,8,4,17,610,0.94,1,0.53,0.37,0.1,7,0.8,0.2,0,151,3-Feb,1,0.8,19,0.81,2,0.67,16,2,1,1,0.06,0,0.06,4,3,1,0.19,0,0.06,8,7,1,0.38,0.06,0.06,0,0,0,0,0,0,0,0,0,0,0,0,0,0,0,0,0,0,2,2,0,0.13,0,0,0,N/A,6,2,4,5,2,1,1,0,1,0,0,0,0,0,0
Austin Elite Rugby,15,51,0,,0,0.4635,0.5084,15.6,0:30:39,0.639,0.082,0.279,0.889,2,14,93,748,2,2,1,11,0.721,0.118,0.162,0.838,140,27,167,32,10,7,3,13,860,0.99,1,0.59,0.34,0.06,8,1,0,0,166,2-Feb,1,0.44,21,0.9,1,0.6,10,0,0,0,0,0,0,3,2,1,0,0.2,0.1,6,6,0,0.6,0,0,0,0,0,0,0,0,0,0,0,0,0,0,0,0,0,0,0,0,1,1,0,0.1,0,0,0,N/A,5,2,3,10,2,2,1,0,4,0,1,0,2,2,0
NOLA Gold,15,51,0,,1,0.5365,0.4916,18,0:30:39,0.721,0.118,0.162,0.894,4,24,106,860,7,2,3,13,0.639,0.082,0.279,0.899,134,15,149,25,7,2,1,11,748,0.98,0,0.6,0.35,0.05,13,0.46,0.46,0.08,410,3-Feb,0.83,0.58,21,0.7,0,0.7,10,1,0,1,0,0,0.1,2,2,0,0.2,0,0,4,2,2,0.1,0.1,0.2,3,3,0,0.3,0,0,0,0,0,0,0,0,0,0,0,0,0,0,0,0,0,0,0,0,0,N/A,3,0,3,17,8,0,6,0,2,0,1,0,3,3,0
Rugby United New York,15,52,Sam Grove-White,,1,0.5822,0.6308,18.9,0:31:40,0.526,0.224,0.25,0.824,3,21,90,395,1,0,1,2,0.491,0.2,0.309,0.953,122,6,128,19,6,3,1,10,610,0.96,0,0.38,0.39,0.23,22,0.27,0.55,0.18,558,3-Mar,1,0.9,16,0.85,2,0.62,20,13,12,1,0.55,0.05,0.05,1,1,0,0.05,0,0,6,4,2,0.2,0,0.1,0,0,0,0,0,0,0,0,0,0,0,0,0,0,0,0,0,0,0,0,0,0,0,0,0,N/A,1,1,0,8,3,0,3,0,0,2,0,0,1,1,0
Houston SaberCats,15,52,Sam Grove-White,,0,0.4178,0.3692,13.6,0:31:40,0.491,0.2,0.309,0.915,0,0,84,610,3,1,1,10,0.526,0.224,0.25,0.882,135,18,153,24,19,1,1,2,395,0.97,1,0.49,0.41,0.1,11,0.6,0.33,0.07,336,0/0,0.86,0.33,16,0.85,1,0.8,13,4,4,0,0.31,0,0,0,0,0,0,0,0,8,6,2,0.23,0.23,0.15,1,1,0,0.08,0,0,0,0,0,0,0,0,0,0,0,0,0,0,0,0,0,0,0,0,0,0,5,2,2,14,3,0,1,0,3,3,3,0,0,0,0
Toronto Arrows,15,53,Luke Rogan,,1,0.6502,0.5354,21.6,0:32:22,0.509,0.113,0.377,0.873,2,23,140,977,7,0,4,12,0.667,0.111,0.222,0.944,134,8,142,30,3,3,3,13,715,0.97,3,0.61,0.34,0.05,11,0.77,0.15,0.08,296,5-May,0.78,0.67,18,0.76,1,0.83,17,6,4,2,0.24,0,0.12,4,4,0,0.24,0,0,4,2,2,0.12,0,0.12,3,3,0,0.18,0,0,0,0,0,0,0,0,0,0,0,0,0,0,0,0,0,0,0,0,0,N/A,3,3,0,4,1,0,3,0,0,0,0,0,0,0,0
San Diego Legion,15,53,Luke Rogan,,0,0.3498,0.4646,11.6,0:32:22,0.667,0.111,0.222,0.963,3,19,80,715,3,0,3,13,0.509,0.113,0.377,0.892,214,26,240,44,24,7,4,12,977,0.95,2,0.79,0.13,0.08,13,0.38,0.5,0.13,468,4-Feb,0.8,0.78,18,0.83,2,0.76,6,3,3,0,0.5,0,0,0,0,0,0,0,0,3,2,1,0.33,0,0.17,0,0,0,0,0,0,0,0,0,0,0,0,0,0,0,0,0,0,0,0,0,0,0,0,0,N/A,6,3,3,18,4,2,2,0,2,3,5,0,0,0,0
Glendale Raptors,15,54,Scott Green,,1,0.5637,0.478,19.3,0:34:26,0.609,0.152,0.239,0.979,9,64,140,1248,11,1,4,15,0.464,0.089,0.446,0.875,140,20,160,38,7,5,4,13,859,0.97,1,0.65,0.27,0.08,15,0.67,0.29,0.04,542,10-Sep,1,1,7,0.67,1,0.73,9,0,0,0,0,0,0,6,4,2,0.33,0.11,0.22,3,2,1,0.22,0,0.11,0,0,0,0,0,0,0,0,0,0,0,0,0,0,0,0,0,0,0,0,0,0,0,0,0,1,6,6,0,9,2,2,0,0,3,0,2,0,0,0,0
Utah Warriors,15,54,Scott Green,,0,0.4363,0.522,14.9,0:34:26,0.464,0.089,0.446,0.901,3,22,106,859,5,1,4,13,0.609,0.152,0.239,0.822,199,43,242,44,2,11,4,15,1248,0.97,3,0.71,0.26,0.03,10,0.53,0.47,0,398,4-Mar,1,1,7,0.82,2,0.56,11,2,1,1,0.09,0,0.09,5,4,1,0.36,0,0.09,4,4,0,0.27,0.09,0,0,0,0,0,0,0,0,0,0,0,0,0,0,0,0,0,0,0,0,0,0,0,0,0,0,N/A,11,6,5,8,2,2,0,0,3,0,1,0,0,0,0
NOLA Gold,16,55,Elgan Williams,,0,0.4621,0.4373,16.9,0:34:31,0.603,0.233,0.164,0.868,3,19,103,576,4,2,4,6,0.564,0.228,0.208,0.874,195,28,223,38,13,4,5,10,808,0.99,2,0.47,0.42,0.11,21,0.5,0.5,0,683,3-Feb,0.83,0.83,16,0.92,2,0.6,13,3,3,0,0.23,0,0,3,3,0,0.15,0.08,0,2,1,1,0.08,0,0.08,5,5,0,0.31,0.08,0,0,0,0,0,0,0,0,0,0,0,0,0,0,0,0,0,0,0,0,N/A,5,2,3,8,1,2,5,0,0,0,0,0,0,0,0
San Diego Legion,16,55,Elgan Williams,,1,0.5379,0.5627,19.6,0:34:31,0.564,0.228,0.208,0.909,4,26,135,808,4,0,5,10,0.603,0.233,0.164,0.908,157,16,173,20,17,4,4,6,576,0.96,1,0.63,0.23,0.15,15,0.33,0.44,0.22,466,4-Mar,0.9,0.6,16,0.67,0,0.77,15,3,2,1,0.13,0,0.07,5,4,1,0.2,0.07,0.07,7,4,3,0.27,0,0.2,0,0,0,0,0,0,0,0,0,0,0,0,0,0,0,0,0,0,0,0,0,0,0,0,0,N/A,4,3,1,6,3,0,0,0,2,0,1,0,2,1,1
Rugby United New York,16,56,Scott Green,,0,0.5954,0.5975,22.3,0:36:56,0.464,0.245,0.291,0.92,5,31,133,685,2,0,6,8,0.576,0.121,0.303,0.865,148,23,171,19,4,5,5,10,810,0.99,1,0.57,0.31,0.12,18,0.31,0.69,0,603,5-Mar,1,1,10,0.74,0,0.67,19,2,1,1,0,0.05,0.05,7,5,2,0.26,0,0.11,9,7,2,0.37,0,0.11,0,0,0,0,0,0,0,0,0,0,0,0,0,0,0,0,0,0,1,1,0,0.05,0,0,0.17,N/A,6,1,5,7,3,2,1,0,1,0,0,0,0,0,0
Seattle Seawolves,16,56,Scott Green,,1,0.4046,0.4025,15.2,0:36:56,0.576,0.121,0.303,0.959,5,38,101,810,5,1,5,10,0.464,0.245,0.291,0.903,214,23,237,26,17,2,6,8,685,0.99,1,0.54,0.37,0.09,16,0.4,0.53,0.07,458,6-Jun,1,0.83,10,0.78,1,0.68,9,0,0,0,0,0,0,3,2,1,0.22,0,0.11,3,3,0,0.33,0,0,3,2,1,0.11,0.11,0.11,0,0,0,0,0,0,0,0,0,0,0,0,0,0,0,0,0,0,0,N/A,6,5,1,15,5,1,0,0,6,1,2,0,0,0,0
Toronto Arrows,16,57,Moe Chaudhry,,1,0.5215,0.5591,16.6,0:30:00,0.6,0.214,0.186,0.933,4,24,102,686,6,1,9,12,0.548,0.082,0.37,0.888,143,18,161,27,9,1,4,3,633,0.99,1,0.69,0.24,0.06,15,0.38,0.62,0,442,4-Feb,1,0.73,22,0.67,1,0.7,6,1,1,0,0.17,0,0,2,1,1,0.17,0,0.17,1,1,0,0.17,0,0,1,0,1,0,0,0.17,0,0,0,0,0,0,0,0,0,0,0,0,1,1,0,0.17,0,0,0,0,5,2,3,9,4,0,0,0,1,1,2,0,3,3,0
Austin Elite Rugby,16,57,Moe Chaudhry,,0,0.4785,0.4409,15.2,0:30:00,0.548,0.082,0.37,0.885,1,13,93,633,1,0,4,3,0.6,0.214,0.186,0.887,149,19,168,18,7,6,9,12,686,0.98,0,0.58,0.3,0.12,11,0.44,0.44,0.11,356,4-Mar,0.88,0.57,22,0.8,0,0.67,10,0,0,0,0,0,0,4,2,2,0.2,0,0.2,6,6,0,0.5,0.1,0,0,0,0,0,0,0,0,0,0,0,0,0,0,0,0,0,0,0,0,0,0,0,0,0,0,N/A,5,2,3,11,4,0,3,0,4,0,0,0,1,1,0
Toronto Arrows,16,58,Anthony Woodthorpe,,1,0.4817,0.4005,16.7,0:31:57,0.629,0.145,0.226,0.895,4,26,94,569,3,0,5,5,0.582,0.176,0.242,0.904,197,21,218,23,21,2,4,8,750,0.96,1,0.52,0.39,0.08,18,0.41,0.41,0.18,562,3-Mar,0.93,0.54,20,0.78,1,0.67,9,5,5,0,0.56,0,0,1,0,1,0,0,0.11,1,0,1,0,0,0.11,2,2,0,0.11,0.11,0,0,0,0,0,0,0,0,0,0,0,0,0,0,0,0,0,0,0,0.17,N/A,6,6,0,7,2,1,0,0,2,0,2,0,0,0,0
Utah Warriors,16,58,Anthony Woodthorpe,,0,0.5183,0.5995,18,0:31:57,0.582,0.176,0.242,0.824,2,21,126,750,2,2,4,8,0.629,0.145,0.226,0.881,133,18,151,19,11,3,5,5,569,0.99,3,0.65,0.32,0.03,20,0.41,0.53,0.06,728,5-Apr,1,1,20,0.67,0,0.67,12,0,0,0,0,0,0,6,4,2,0.33,0,0.17,5,3,2,0.25,0,0.17,1,1,0,0.08,0,0,0,0,0,0,0,0,0,0,0,0,0,0,0,0,0,0,0,0,0.2,N/A,5,4,1,12,3,1,6,0,1,1,0,0,1,1,0
Glendale Raptors,17,59,Elgan Williams,,0,0.499,0.4955,16.3,0:31:23,0.647,0.153,0.2,0.925,5,36,132,1073,13,2,20,15,0.649,0.123,0.228,0.873,131,19,150,32,8,8,8,9,802,0.98,0,0.71,0.26,0.02,7,0.81,0.19,0,225,6-May,1,0.67,10,0.75,0,0.91,12,0,0,0,0,0,0,5,3,2,0.17,0.08,0.17,6,5,1,0.42,0,0.08,0,0,0,0,0,0,0,0,0,0,0,0,0,0,0,0,0,0,1,1,0,0.08,0,0,0,N/A,9,7,2,8,3,2,1,0,0,0,2,0,1,0,1
Seattle Seawolves,17,59,Elgan Williams,,1,0.501,0.5045,16.3,0:31:23,0.649,0.123,0.228,0.912,8,53,98,802,8,1,8,9,0.647,0.153,0.2,0.838,186,36,222,42,11,13,20,15,1073,0.99,2,0.5,0.41,0.09,16,0.6,0.4,0,387,9-Jun,1,0.86,10,1,2,0.67,11,0,0,0,0,0,0,7,7,0,0.55,0.09,0,3,3,0,0.27,0,0,1,1,0,0.09,0,0,0,0,0,0,0,0,0,0,0,0,0,0,0,0,0,0,0,0,0,N/A,7,6,1,8,4,1,1,0,0,0,2,0,0,0,0
NOLA Gold,17,60,Anthony Woodthorpe,,0,0.3877,0.3812,13.3,0:31:57,0.446,0.161,0.393,0.765,2,20,78,436,2,0,4,4,0.54,0.172,0.287,0.882,195,26,221,48,19,6,7,10,867,0.95,1,0.76,0.2,0.04,13,0.72,0.28,0,377,4-Apr,0.63,0.5,14,0.93,0,0.88,14,1,1,0,0.07,0,0,2,2,0,0.14,0,0,5,4,1,0.29,0,0.07,6,6,0,0.43,0,0,0,0,0,0,0,0,0,0,0,0,0,0,0,0,0,0,0,0,0.2,0,6,1,4,8,4,0,2,0,0,0,2,0,2,2,0
Houston SaberCats,17,60,Anthony Woodthorpe,,1,0.6123,0.6188,21,0:31:57,0.54,0.172,0.287,0.841,3,27,127,867,6,2,7,10,0.446,0.161,0.393,0.919,124,11,135,20,23,2,4,4,436,0.98,2,0.56,0.37,0.07,5,0.71,0.29,0,137,6-May,1,0.83,14,1,1,0.93,8,1,1,0,0.13,0,0,1,1,0,0.13,0,0,6,6,0,0.63,0.13,0,0,0,0,0,0,0,0,0,0,0,0,0,0,0,0,0,0,0,0,0,0,0,0,0,0,1,6,4,2,10,4,0,1,0,3,1,1,0,0,0,0
Rugby United New York,17,61,Luke Rogan,,1,0.5608,0.5457,20.3,0:35:06,0.582,0.153,0.265,0.911,5,27,140,801,4,1,2,18,0.667,0.083,0.25,0.925,186,15,201,45,22,2,5,10,642,0.96,3,0.59,0.28,0.13,15,0.71,0.29,0,400,6-Jan,0.89,0.56,21,0.82,2,0.67,11,2,1,1,0.09,0,0.09,4,4,0,0.36,0,0,5,4,1,0.27,0.09,0.09,0,0,0,0,0,0,0,0,0,0,0,0,0,0,0,0,0,0,0,0,0,0,0,0,0,N/A,2,1,1,7,4,0,1,0,1,0,1,0,1,1,0
Austin Elite Rugby,17,61,Luke Rogan,,0,0.4392,0.4543,15.9,0:35:06,0.667,0.083,0.25,0.863,1,7,113,642,2,0,5,10,0.582,0.153,0.265,0.91,212,21,233,48,15,4,2,18,801,0.96,4,0.77,0.23,0,9,0.69,0.23,0.08,248,1-Jan,0.75,0.67,21,0.67,0,0.73,9,0,0,0,0,0,0,2,1,1,0.11,0,0.11,7,5,2,0.56,0,0.22,0,0,0,0,0,0,0,0,0,0,0,0,0,0,0,0,0,0,0,0,0,0,0,0,0,N/A,5,2,3,12,5,0,5,0,2,0,0,0,1,1,0
Utah Warriors,17,62,Scott Green,,0,0.5426,0.5841,16.4,0:28:40,0.484,0.141,0.375,0.872,3,21,81,558,5,1,11,7,0.591,0.227,0.182,0.776,111,32,143,19,0,3,6,5,515,0.94,1,0.54,0.41,0.05,9,0.42,0.42,0.17,333,3-Mar,0.67,1,10,0.84,0,0.8,19,2,2,0,0.11,0,0,14,12,2,0.58,0.05,0.11,2,1,1,0,0.05,0.05,0,0,0,0,0,0,1,1,0,0.05,0,0,0,0,0,0,0,0,0,0,0,0,0,0,0,0,7,5,2,5,2,0,1,0,0,1,1,0,0,0,0
San Diego Legion,17,62,Scott Green,,1,0.4574,0.4159,13.8,0:28:40,0.591,0.227,0.182,0.963,5,31,77,515,3,0,6,5,0.484,0.141,0.375,0.824,126,27,153,16,16,5,11,7,558,0.95,3,0.59,0.27,0.14,18,0.53,0.41,0.06,524,5-Mar,0.86,0.83,10,0.9,0,0.74,10,2,2,0,0.1,0.1,0,2,2,0,0.2,0,0,5,5,0,0.5,0,0,0,0,0,0,0,0,0,0,0,0,0,0,0,0,0,0,0,0,1,0,1,0,0,0.1,0.25,N/A,4,3,1,13,3,2,0,0,2,4,2,0,2,0,2
Houston SaberCats,18,63,Luke Rogan,,1,0.5404,0.5885,15.4,0:28:51,0.483,0.233,0.283,0.901,6,36,107,847,11,6,10,16,0.635,0.127,0.238,0.867,130,20,150,27,10,2,6,8,643,0.95,3,0.54,0.4,0.06,9,0.73,0.09,0.18,234,6-Mar,0.75,0.43,18,0.86,0,0.88,7,4,4,0,0.57,0,0,0,0,0,0,0,0,3,2,1,0.29,0,0.14,0,0,0,0,0,0,0,0,0,0,0,0,0,0,0,0,0,0,0,0,0,0,0,0,0.25,1,5,2,2,10,6,1,0,0,1,0,2,0,2,2,0
Austin Elite Rugby,18,63,Luke Rogan,,0,0.4596,0.4115,13.1,0:28:51,0.635,0.127,0.238,0.892,2,15,93,643,2,0,6,8,0.483,0.233,0.283,0.831,147,30,177,32,16,11,10,16,847,0.92,5,0.7,0.23,0.07,9,0.38,0.38,0.23,246,43865,0.82,0.73,18,1,0,0.86,8,0,0,0,0,0,0,3,3,0,0.25,0.13,0,4,4,0,0.5,0,0,0,0,0,0,0,0,0,0,0,0,0,0,0,0,0,0,0,0,1,1,0,0.13,0,0,0,N/A,6,1,5,9,0,0,4,0,4,0,0,0,1,1,0
Rugby United New York,18,64,Elgan Williams,,2,0.6207,0.7094,22.1,0:34:59,0.553,0.228,0.219,0.905,3,22,145,752,3,1,4,14,0.443,0.23,0.328,0.891,122,15,137,32,9,3,2,10,576,0.98,1,0.59,0.3,0.12,16,0.27,0.64,0.09,391,3-Mar,1,0.67,14,0.85,0,0.78,13,4,3,1,0.23,0,0.08,3,3,0,0.23,0,0,5,5,0,0.38,0,0,1,0,1,0,0,0.08,0,0,0,0,0,0,0,0,0,0,0,0,0,0,0,0,0,0,0.2,N/A,5,3,2,6,3,0,0,0,3,0,0,0,2,2,0
NOLA Gold,18,64,Elgan Williams,,2,0.3793,0.2906,13.5,0:34:59,0.443,0.23,0.328,0.874,3,22,85,576,3,1,2,10,0.553,0.228,0.219,0.898,230,26,256,29,15,3,4,14,752,0.99,3,0.59,0.3,0.11,11,0.56,0.39,0.06,399,4-Mar,1,0.6,14,0.89,1,0.85,9,2,1,1,0.11,0,0.11,2,2,0,0.22,0,0,3,3,0,0.33,0,0,2,2,0,0.11,0.11,0,0,0,0,0,0,0,0,0,0,0,0,0,0,0,0,0,0,0,0,0,6,5,1,13,3,0,4,0,3,1,2,0,0,0,0
Seattle Seawolves,18,65,Derek Summers,,0,0.5393,0.4162,19.8,0:31:46,0.714,0.13,0.156,0.961,3,25,104,706,1,1,2,5,0.625,0.196,0.179,0.854,129,22,151,23,15,5,5,13,724,0.92,2,0.54,0.38,0.08,17,0.43,0.54,0.04,640,4-Apr,1,0.88,13,0.87,2,0.72,15,1,1,0,0.07,0,0,8,7,1,0.47,0,0.07,2,2,0,0.13,0,0,4,3,1,0.13,0.07,0.07,0,0,0,0,0,0,0,0,0,0,0,0,0,0,0,0,0,0,0.17,N/A,6,4,2,9,4,1,0,0,1,1,2,0,2,1,1
Utah Warriors,18,65,Derek Summers,,1,0.4607,0.5838,16.9,0:31:46,0.625,0.196,0.179,0.872,4,27,92,724,5,2,5,13,0.714,0.13,0.156,0.898,167,19,186,48,6,1,2,5,706,0.95,5,0.57,0.36,0.07,19,0.23,0.69,0.08,685,5-Mar,1,0.8,13,0.83,0,0.8,18,1,1,0,0.06,0,0,10,8,2,0.44,0,0.11,5,4,1,0.11,0.11,0.06,0,0,0,0,0,0,0,0,0,0,0,0,0,0,0,0,0,0,2,2,0,0.11,0,0,0,N/A,6,6,0,14,7,2,1,0,1,1,2,0,0,0,0
Toronto Arrows,18,66,Anthony Woodthorpe,,1,0.4813,0.4746,15.2,0:30:58,0.707,0.138,0.155,0.908,6,40,88,585,5,3,5,6,0.608,0.155,0.237,0.922,177,15,192,35,8,3,5,8,810,0.97,0,0.61,0.36,0.03,17,0.27,0.73,0,642,6-May,1,0.5,16,1,2,0.69,10,4,4,0,0.4,0,0,3,3,0,0.2,0.1,0,3,3,0,0.3,0,0,0,0,0,0,0,0,0,0,0,0,0,0,0,0,0,0,0,0,0,0,0,0,0,0,0,N/A,3,2,1,11,5,0,0,1,2,1,2,0,1,0,1
Glendale Raptors,18,66,Anthony Woodthorpe,,0,0.5187,0.5254,16.4,0:30:58,0.608,0.155,0.237,0.932,2,12,118,810,3,1,5,8,0.707,0.138,0.155,0.884,122,16,138,26,5,5,5,6,585,0.99,1,0.78,0.19,0.03,8,0.73,0.27,0,236,2-Jan,1,1,16,0.69,0,0.9,13,0,0,0,0,0,0,7,3,4,0.23,0,0.31,5,5,0,0.38,0,0,0,0,0,0,0,0,0,0,0,0,0,0,0,0,0,0,0,0,1,1,0,0.08,0,0,0,1,8,5,3,12,2,0,6,0,2,2,0,0,1,1,0
Houston SaberCats,19,67,Derek Summers,,1,0.4411,0.4977,14.4,0:31:01,0.588,0.255,0.157,0.862,4,32,84,604,3,3,6,12,0.513,0.256,0.231,0.9,153,17,170,30,18,4,4,9,637,0.95,1,0.56,0.35,0.1,18,0.25,0.67,0.08,393,7-May,1,0.6,17,0.86,0,1,7,2,2,0,0.29,0,0,1,1,0,0.14,0,0,2,2,0,0.14,0.14,0,2,1,1,0.14,0,0.14,0,0,0,0,0,0,0,0,0,0,0,0,0,0,0,0,0,0,0,N/A,4,3,1,13,5,2,0,0,2,2,2,0,1,0,1
Glendale Raptors,19,67,Derek Summers,,0,0.5589,0.5023,18.3,0:31:01,0.513,0.256,0.231,0.853,3,17,100,637,4,2,4,9,0.588,0.255,0.157,0.852,132,23,155,27,14,3,6,12,604,0.98,2,0.53,0.37,0.1,7,0.6,0.1,0.3,174,3-Jan,0.63,0.71,17,1,0,0.71,14,0,0,0,0,0,0,10,10,0,0.71,0,0,4,4,0,0.29,0,0,0,0,0,0,0,0,0,0,0,0,0,0,0,0,0,0,0,0,0,0,0,0,0,0,0,0,8,6,2,12,3,2,6,0,1,0,0,0,1,1,0
San Diego Legion,19,68,Scott Green,,1,0.3956,0.4747,13.8,0:25:25,0.659,0.136,0.205,0.919,3,22,72,501,1,1,1,6,0.431,0.165,0.404,0.872,197,29,226,32,14,6,5,9,998,0.98,6,0.53,0.32,0.15,19,0.45,0.55,0,599,4-Mar,0.88,0.71,14,0.83,0,0.85,6,1,1,0,0.17,0,0,0,0,0,0,0,0,5,4,1,0.67,0,0.17,0,0,0,0,0,0,0,0,0,0,0,0,0,0,0,0,0,0,0,0,0,0,0,0,0,N/A,3,2,1,11,3,3,3,0,1,0,0,0,0,0,0
NOLA Gold,19,68,Scott Green,,0,0.6044,0.5253,21.1,0:25:25,0.431,0.165,0.404,0.901,1,10,149,998,6,2,5,9,0.659,0.136,0.205,0.86,92,15,107,6,5,1,1,6,501,0.94,0,0.7,0.25,0.05,10,0.69,0.31,0,358,2-Feb,1,0.57,14,0.92,0,0.83,13,3,3,0,0.23,0,0,2,2,0,0.15,0,0,4,3,1,0.23,0,0.08,4,4,0,0.23,0.08,0,0,0,0,0,0,0,0,0,0,0,0,0,0,0,0,0,0,0,0,N/A,5,1,4,6,1,0,2,0,3,0,0,0,0,0,0
Seattle Seawolves,19,69,Anthony Woodthorpe,,1,0.421,0.4584,14.5,0:33:10,0.574,0.148,0.278,0.891,5,38,94,743,6,3,1,13,0.629,0.134,0.237,0.922,202,17,219,34,11,5,1,12,1005,0.97,2,0.61,0.36,0.03,10,0.61,0.22,0.17,319,6-Jun,0.86,0.67,14,0.77,0,0.83,13,0,0,0,0,0,0,6,6,0,0.46,0,0,2,1,1,0.08,0,0.08,5,3,2,0.23,0,0.15,0,0,0,0,0,0,0,0,0,0,0,0,0,0,0,0,0,0,0,0,7,7,0,6,1,0,1,0,3,1,0,0,1,0,1
Austin Elite Rugby,19,69,Anthony Woodthorpe,,0,0.579,0.5416,20,0:33:10,0.629,0.134,0.237,0.921,4,26,142,1005,5,3,1,12,0.574,0.148,0.278,0.863,126,20,146,28,5,6,1,13,743,0.98,2,0.65,0.29,0.06,11,0.57,0.21,0.21,238,4-Mar,0.67,0.75,14,0.83,2,0.77,6,0,0,0,0,0,0,4,3,1,0.5,0,0.17,2,2,0,0.33,0,0,0,0,0,0,0,0,0,0,0,0,0,0,0,0,0,0,0,0,0,0,0,0,0,0,0.17,0,8,6,2,8,3,0,3,1,1,0,0,0,1,1,0
Toronto Arrows,19,70,Elgan Williams,,1,0.5579,0.5125,18.2,0:31:45,0.644,0.198,0.158,0.874,3,22,131,780,5,2,1,7,0.617,0.117,0.267,0.893,125,15,140,21,7,4,1,5,736,0.98,0,0.62,0.28,0.1,13,0.5,0.5,0,325,3-Feb,1,1,19,0.82,1,0.67,11,3,2,1,0.18,0,0.09,3,3,0,0.27,0,0,4,3,1,0.18,0.09,0.09,1,1,0,0.09,0,0,0,0,0,0,0,0,0,0,0,0,0,0,0,0,0,0,0,0,0,N/A,5,4,1,7,3,1,2,0,0,0,1,0,0,0,0
Rugby United New York,19,70,Elgan Williams,,0,0.4421,0.4875,14.4,0:31:45,0.617,0.117,0.267,0.911,2,20,91,736,4,0,1,5,0.644,0.198,0.158,0.905,182,19,201,25,17,5,1,7,780,0.96,1,0.66,0.25,0.09,13,0.4,0.6,0,423,4-Apr,0.9,0.7,19,0.67,1,0.73,6,3,2,1,0.33,0,0.17,1,1,0,0.17,0,0,2,1,1,0.17,0,0.17,0,0,0,0,0,0,0,0,0,0,0,0,0,0,0,0,0,0,0,0,0,0,0,0,0,N/A,5,3,2,13,2,2,1,2,4,0,1,0,0,0,0
Utah Warriors,19,71,Lex Weiner,,0,0.4347,0.5802,11.6,0:26:08,0.571,0.19,0.238,0.88,3,27,72,568,3,2,2,12,0.457,0.217,0.326,0.882,105,14,119,26,6,4,1,12,600,0.94,1,0.62,0.38,0,7,0.27,0.45,0.27,281,5-May,0.4,0.67,14,0.75,1,0.85,12,0,0,0,0,0,0,6,5,1,0.33,0.08,0.08,5,4,1,0.33,0,0.08,1,0,1,0,0,0.08,0,0,0,0,0,0,0,0,0,0,0,0,0,0,0,0,0,0,0,N/A,6,5,1,12,3,1,5,0,1,0,1,0,1,1,0
Houston SaberCats,19,71,Lex Weiner,,1,0.5653,0.4198,15.1,0:26:08,0.457,0.217,0.326,0.921,4,31,79,600,4,1,1,12,0.571,0.19,0.238,0.805,95,23,118,17,9,3,2,12,568,0.96,0,0.55,0.32,0.14,14,0.33,0.67,0,395,6-May,0.92,0.64,14,0.85,0,0.67,13,6,4,2,0.31,0,0.15,1,1,0,0.08,0,0,6,6,0,0.46,0,0,0,0,0,0,0,0,0,0,0,0,0,0,0,0,0,0,0,0,0,0,0,0,0,0,0.17,N/A,6,3,3,7,1,1,0,0,2,1,2,0,0,0,0
San Diego Legion,20,72,Anthony Woodthorpe,,1,0.6064,0.6649,19,0:31:18,0.641,0.126,0.233,0.87,3,24,142,829,6,1,5,10,0.442,0.192,0.365,0.878,108,15,123,27,10,1,5,3,438,0.97,1,0.7,0.27,0.04,11,0.27,0.64,0.09,433,4-Apr,1,0.67,14,0.92,1,0.92,12,2,2,0,0.17,0,0,1,1,0,0.08,0,0,8,8,0,0.67,0,0,1,0,1,0,0,0.08,0,0,0,0,0,0,0,0,0,0,0,0,0,0,0,0,0,0,0,0,5,4,1,12,1,1,4,1,0,1,2,0,1,1,0
Rugby United New York,20,72,Anthony Woodthorpe,,0,0.3936,0.3351,12.3,0:31:18,0.442,0.192,0.365,0.859,3,22,72,438,1,0,5,3,0.641,0.126,0.233,0.873,214,31,245,44,21,6,5,10,829,0.98,1,0.7,0.28,0.02,20,0.38,0.56,0.06,572,5-Mar,0.91,0.45,14,0.92,1,0.92,13,3,3,0,0.23,0,0,2,2,0,0.15,0,0,8,7,1,0.54,0,0.08,0,0,0,0,0,0,0,0,0,0,0,0,0,0,0,0,0,0,0,0,0,0,0,0,0.4,N/A,5,3,2,7,5,0,0,0,1,0,1,0,3,2,0
Seattle Seawolves,20,73,Scott Green,,1,0.4435,0.4185,14.1,0:31:10,0.468,0.17,0.362,0.868,3,28,74,561,2,1,3,9,0.637,0.137,0.225,0.925,186,15,201,21,4,1,1,5,844,0.98,1,0.6,0.26,0.13,24,0.48,0.48,0.05,832,7-May,0.9,0.6,16,1,0,0.75,9,1,1,0,0.11,0,0,3,3,0,0.33,0,0,3,3,0,0.33,0,0,2,2,0,0.22,0,0,0,0,0,0,0,0,0,0,0,0,0,0,0,0,0,0,0,0,0,0,4,4,0,5,2,0,1,0,2,0,0,0,0,0,0
Toronto Arrows,20,73,Scott Green,,0,0.5565,0.5815,17.7,0:31:10,0.637,0.137,0.225,0.908,2,17,129,844,1,0,1,5,0.468,0.17,0.362,0.955,105,5,110,9,12,2,3,9,561,0.98,1,0.73,0.25,0.02,13,0.62,0.23,0.15,453,3-Mar,1,1,16,0.83,0,1,12,5,3,2,0.25,0,0.17,1,1,0,0.08,0,0,6,6,0,0.42,0.08,0,0,0,0,0,0,0,0,0,0,0,0,0,0,0,0,0,0,0,0,0,0,0,0,0,0,1,8,3,4,11,3,2,3,0,1,2,0,0,1,0,1
San Diego Legion,21,74,Scott Green,,0,0.5073,0.6185,17.2,0:32:35,0.657,0.214,0.129,0.899,2,23,96,504,3,1,3,4,0.5,0.104,0.396,0.871,121,18,139,17,14,3,5,5,493,0.98,1,0.53,0.32,0.14,23,0.37,0.58,0.05,778,4-Apr,1,0.88,18,0.75,1,0.92,12,0,0,0,0,0,0,2,2,0,0.17,0,0,10,7,3,0.5,0.08,0.25,0,0,0,0,0,0,0,0,0,0,0,0,0,0,0,0,0,0,0,0,0,0,0,0,0,N/A,4,3,1,7,2,1,0,0,1,0,3,0,0,0,0
Seattle Seawolves,21,74,Scott Green,,1,0.4927,0.3815,16.7,0:32:35,0.5,0.104,0.396,0.86,4,26,81,493,3,2,5,5,0.657,0.214,0.129,0.891,156,19,175,20,7,3,3,4,504,0.94,0,0.33,0.48,0.18,27,0.21,0.71,0.07,936,4-Mar,1,1,18,0.92,2,0.67,12,3,3,0,0.25,0,0,3,2,1,0.17,0,0.08,5,5,0,0.42,0,0,1,1,0,0.08,0,0,0,0,0,0,0,0,0,0,0,0,0,0,0,0,0,0,0,0,0,0,7,6,1,5,2,0,1,0,0,1,1,0,0,0,0